OfferingName,ProductSkuName,Australia Central,Australia Central 2 *,Australia East,Australia Southeast,Austria East,Belgium Central,Brazil South,Brazil Southeast,Canada Central,Canada East,Central India,Central US,Chile Central,China East,China East 2,China East 3 *,China North,China North 2,China North 3,Denmark East,East Asia,East US,East US 2,East US 3,France Central,France South *,Germany North *,Germany West Central,Indonesia Central,Israel Central,Italy North,Japan East,Japan West,Korea Central,Korea South *,Malaysia West,Mexico Central,New Zealand North,Non Regional,North Central US,North Europe,Norway East,Norway West *,Poland Central,Qatar Central,South Africa North,South Africa West *,South Central US,South India,Southeast Asia,Spain Central,Sweden Central,Sweden South *,Switzerland North,Switzerland West *,Taiwan North **,UAE Central *,UAE North,UK South,UK West,USGov Arizona **,USGov Texas,USGov Virginia,West Central US,West Europe,West India *,West US,West US 2,West US 3
API Management,Offer Coverage,GA,GA,GA,GA,,,GA,GA,GA,GA,GA,GA,,GA,GA,GA,GA,GA,GA,GA,GA,GA,GA,,GA,GA,GA,GA,GA,,,GA,GA,GA,GA,,,,,GA,GA,GA,GA,,GA,GA,GA,GA,GA,GA,,GA,,GA,GA,,GA,GA,GA,GA,GA,GA,GA,GA,GA,GA,GA,GA,GA
App Service,Offer Coverage,GA,GA,GA,GA,,,GA,GA,GA,GA,GA,GA,GA,GA,GA,GA,GA,GA,GA,GA,GA,GA,GA,,GA,GA,,GA,GA,GA,GA,GA,GA,GA,GA,GA,GA,GA,,GA,GA,GA,GA,,GA,GA,GA,GA,GA,GA,GA,GA,GA,GA,GA,GA,GA,GA,GA,GA,GA,GA,GA,GA,GA,GA,GA,GA,GA
App Service,App Service Environments,GA,GA,GA,GA,,,GA,GA,GA,GA,GA,GA,,,GA,,,GA,,,GA,GA,GA,,GA,,GA,GA,,,,GA,GA,GA,GA,GA,,,,GA,GA,GA,GA,,,GA,GA,GA,GA,GA,,,,GA,GA,,GA,GA,GA,GA,GA,GA,GA,GA,GA,GA,GA,GA,GA
App Service,App Service Premium v3,,,GA,GA,,,GA,,GA,,GA,GA,GA,,,GA,,,GA,GA,GA,GA,GA,,GA,,GA,GA,GA,GA,GA,GA,GA,GA,,GA,GA,GA,,GA,GA,GA,,GA,GA,GA,,GA,,GA,GA,GA,GA,GA,,GA,,GA,GA,GA,GA,GA,GA,GA,GA,,GA,GA,GA
Application Gateway,Offer Coverage,GA,GA,GA,GA,GA,,GA,GA,GA,GA,GA,GA,GA,GA,GA,GA,GA,GA,GA,GA,GA,,GA,,GA,GA,GA,GA,GA,GA,,GA,GA,GA,GA,,,,,GA,GA,GA,GA,GA,GA,GA,GA,GA,GA,GA,,GA,GA,GA,GA,GA,GA,GA,GA,GA,GA,GA,GA,GA,GA,GA,GA,GA,GA
Application Gateway,Application Gateway for Containers,,,GA,,,,GA,,GA,,GA,GA,,,,,,,,,GA,GA,GA,,GA,,,GA,,,,,,GA,,,,,,GA,GA,GA,,,,,,GA,,GA,,,,GA,,,,GA,GA,,,,,,GA,,GA,GA,GA
Application Gateway,Application Gateway v2,,GA,GA,GA,GA,,GA,,GA,GA,GA,GA,GA,,GA,GA,,GA,GA,,GA,GA,GA,,GA,GA,,GA,,GA,,GA,GA,GA,GA,,,,,GA,GA,GA,GA,GA,GA,GA,GA,GA,GA,GA,,GA,GA,GA,,GA,,GA,GA,,GA,GA,GA,,GA,GA,GA,GA,GA
Artifact Signing,Offer Coverage,,,,,,,,,,,,,,,,,,,,,,GA,,,,,,,,,,,,,,,,,,,GA,,,,,,,,,,,,,,,,,,,,,,,GA,GA,,GA,GA,GA
Automation,Offer Coverage,GA,GA,GA,GA,,,GA,GA,GA,GA,GA,GA,,,GA,GA,GA,GA,GA,,GA,GA,GA,,GA,GA,GA,GA,,GA,GA,GA,GA,GA,GA,,,,,GA,GA,GA,GA,GA,GA,GA,GA,GA,GA,GA,,GA,GA,GA,GA,,GA,GA,GA,GA,GA,GA,GA,GA,GA,,GA,GA,GA
Automation,Change Tracking,,,Closing Down,,,,Closing Down,,Closing Down,,Closing Down,Closing Down,,,,,,,,,Closing Down,Closing Down,Closing Down,,Closing Down,,,Closing Down,,,,Closing Down,,Closing Down,,,,,,Closing Down,Closing Down,Closing Down,,,,,,Closing Down,,Closing Down,,Closing Down,,Closing Down,,,,Closing Down,Closing Down,,,,Closing Down,,Closing Down,,Closing Down,Closing Down,Closing Down
Automation,Update Management,,,GA,,,,GA,,GA,,GA,GA,,,GA,,,,,,GA,GA,GA,,GA,,,,,,,GA,,GA,,,,,,GA,GA,GA,,,,GA,,GA,,GA,,,,GA,,,,GA,GA,,GA,,GA,,GA,,GA,GA,
Azure Active Directory B2C,Offer Coverage,,,,,,,,,,,,,,,,,,,,,,,,,,,,,,,,,,,,,,,GA,,,,,,,,,,,,,,,,,,,,,,,,,,,,,,
Azure Advisor,Offer Coverage,,,,,,,,,,,,,,,,,,,,,,,,,,,,,,,,,,,,,,,GA,,,,,,,,,,,,,,,,,,,,,,,,,,,,,,
Azure Advisor,Azure Advisor Score,,,,,,,,,,,,,,,,,,,,,,,,,,,,,,,,,,,,,,,GA,,,,,,,,,,,,,,,,,,,,,,,,,,,,,,
Azure AI Search,Offer Coverage,,,GA,GA,GA,,GA,,GA,GA,GA,GA,GA,,GA,GA,,GA,GA,GA,GA,GA,GA,,GA,,GA,GA,GA,GA,GA,GA,GA,GA,GA,,,,,GA,GA,GA,,GA,GA,GA,,GA,GA,GA,,GA,,GA,GA,GA,,GA,GA,GA,GA,GA,GA,GA,GA,,GA,GA,GA
Azure AI Search,AI Enrichment,,,GA,,,,GA,,GA,,GA,GA,,,GA,,,,,,GA,GA,GA,,GA,,,GA,,,,GA,GA,GA,,,,,,GA,GA,GA,,,,GA,,GA,,GA,,GA,,GA,GA,,,GA,GA,,GA,,GA,GA,GA,,GA,GA,GA
Azure AI Search,Semantic Ranker,,,GA,GA,,,GA,,GA,GA,GA,GA,,,,,,,GA,,GA,GA,GA,,GA,,,GA,,,GA,GA,GA,GA,GA,,,,,GA,GA,,,GA,GA,,,GA,,GA,,GA,,GA,GA,,,,GA,GA,GA,,GA,GA,GA,,GA,GA,GA
Azure Analysis Services,Offer Coverage,,,GA,GA,,,GA,,GA,,,GA,,,GA,,GA,,,,,GA,GA,,,,,,,,,GA,,,,,,,,GA,GA,,,,,,,GA,,GA,,,,,,,,,GA,,GA,GA,,GA,GA,GA,GA,GA,
Azure App Configuration,Offer Coverage,GA,GA,GA,GA,GA,GA,GA,GA,GA,GA,GA,GA,GA,,GA,GA,,GA,GA,GA,GA,GA,GA,,GA,GA,GA,GA,GA,GA,GA,GA,GA,GA,GA,GA,GA,,,GA,GA,GA,GA,GA,GA,GA,GA,GA,GA,GA,GA,GA,GA,GA,GA,GA,GA,GA,GA,GA,GA,GA,GA,GA,GA,,GA,GA,GA
Azure App Service Static Web Apps,Offer Coverage,,,,,,,,,,,,,,,,,,,,,,,,,,,,,,,,,,,,,,,GA,,,,,,,,,,,,,,,,,,,,,,,,,,,,,,
Azure App Service Static Web Apps,Static Web Apps Free,,,,,,,,,,,,,,,,,,,,,,,,,,,,,,,,,,,,,,,GA,,,,,,,,,,,,,,,,,,,,,,,,,,,,,,
Azure App Service Static Web Apps,Static Web Apps Standard,,,,,,,,,,,,,,,,,,,,,,,,,,,,,,,,,,,,,,,GA,,,,,,,,,,,,,,,,,,,,,,,,,,,,,,
Azure App Testing,Offer Coverage,,,GA,,,,GA,,GA,,GA,GA,,,,,,,,,GA,GA,GA,,GA,,,GA,,,GA,GA,,,,GA,,,,,GA,,,,,,,GA,,GA,,GA,,GA,,,,,GA,,,,GA,,GA,,,GA,GA
Azure App Testing,Playwright Workspaces,,,,,,,,,,,,,,,,,,,,,GA,GA,,,,,,,,,,,,,,,,,,,,,,,,,,,,,,,,,,,,,,,,,,,GA,,,,GA
Azure Applied AI Services,Azure AI Document Intelligence,,,GA,,GA,,GA,,GA,,GA,GA,,,GA,,,GA,GA,,GA,GA,GA,,GA,,,GA,,,,GA,GA,GA,,,,,,GA,GA,GA,,,GA,GA,,GA,,GA,,GA,,GA,GA,,,GA,GA,,GA,,GA,GA,GA,,GA,GA,GA
Azure Applied AI Services,Azure AI Immersive Reader,,,GA,,,,GA,,GA,,GA,GA,,,,,,,,,GA,GA,GA,,GA,,,GA,,,,GA,GA,GA,,,,,,GA,GA,GA,,,,GA,,GA,,GA,,GA,,GA,GA,,,GA,GA,,,,,GA,GA,,GA,GA,GA
Azure Applied AI Services,Azure Video Indexer,,,GA,,,,GA,,GA,,GA,GA,,,,,,,,,GA,GA,GA,,GA,,,GA,,,,GA,GA,GA,,,,,,,GA,,,,,,,GA,,GA,,GA,,GA,GA,,,,GA,,GA,,GA,GA,GA,,GA,GA,GA
Azure Arc Appliance,Offer Coverage,,,GA,,,,,,GA,,GA,GA,,,,,,,,,GA,GA,GA,,,,,,,,GA,GA,,,,,,,,GA,GA,,,,,,,GA,,GA,,GA,,,,,,,GA,GA,,,GA,,GA,,,GA,GA
Azure Arc enabled Kubernetes,Offer Coverage,,,GA,,,,GA,,GA,GA,GA,GA,,,GA,,,GA,,,GA,GA,GA,,GA,,,GA,,GA,GA,GA,,GA,,,,,,GA,GA,GA,,,,GA,,GA,GA,GA,,GA,,GA,,,,GA,GA,GA,,,GA,GA,GA,,GA,GA,GA
Azure Arc enabled Kubernetes,Arc enabled Open Service Mesh,,,GA,,,,,,,,,GA,,,,,,,,,,GA,GA,,,,,GA,,,GA,,,,,,,,,,GA,,,,,,,GA,,GA,,GA,,,,,,,GA,,,,,,GA,,,GA,GA
Azure Arc enabled Kubernetes,Azure Key Vault secrets provider extension,,,GA,,,,GA,,GA,,,GA,,,,,,,,,GA,GA,GA,,GA,,,GA,,,GA,GA,,GA,,,,,,GA,GA,,,,,,,GA,,GA,,GA,,,,,,,GA,,,,,GA,GA,,GA,GA,GA
Azure Arc enabled System Center Virtual Machine Manager,Offer Coverage,,,GA,,,,,,,,,GA,,,,,,,,,,GA,GA,,,,,,,,,,,,,,,,,,GA,,,,,,,GA,,GA,,GA,,,,,,,GA,,,,,,GA,,,GA,GA
Azure Arc enabled VMware vSphere,Offer Coverage,,,GA,,,,,,GA,,GA,GA,,,,,,,,,GA,GA,GA,,,,,,,,GA,GA,,,,,,,,GA,GA,,,,,,,GA,,GA,,GA,,,,,,,GA,GA,,,,,GA,,,GA,GA
Azure Arc-enabled servers,Offer Coverage,,,GA,GA,,,GA,,GA,GA,GA,GA,,,GA,,,GA,GA,,GA,GA,GA,,GA,,,GA,,GA,GA,GA,GA,GA,GA,,,,,GA,GA,GA,,GA,GA,GA,,GA,GA,GA,GA,GA,,GA,GA,,,GA,GA,GA,GA,,GA,GA,GA,,GA,GA,GA
Azure Arc-enabled SQL Server,Offer Coverage,,,GA,,,,GA,,GA,GA,GA,GA,,,,,,,,,,GA,GA,,GA,,,,,,,GA,,GA,,,,,,,GA,GA,,,,GA,,GA,,GA,,GA,,GA,,,,GA,GA,GA,,,GA,GA,GA,,,GA,GA
Azure Automanage Machine Configuration,Offer Coverage,,,GA,,,,GA,,GA,GA,GA,GA,,,GA,,,,GA,,GA,GA,GA,,GA,GA,,GA,,,,GA,GA,GA,GA,,,,,GA,GA,GA,,,GA,GA,GA,GA,,GA,,GA,,GA,GA,,,GA,GA,,GA,,GA,GA,GA,,GA,GA,GA
Azure Bastion,Offer Coverage,GA,GA,GA,GA,,,GA,GA,GA,GA,GA,GA,,,GA,GA,,GA,GA,GA,GA,GA,GA,GA,GA,,,GA,GA,,,GA,GA,GA,GA,,,,,GA,GA,GA,GA,,GA,GA,GA,GA,,GA,,GA,,GA,GA,GA,GA,GA,GA,GA,GA,GA,GA,GA,GA,GA,GA,GA,GA
Azure Bastion,Bastion Developer,,,,,,,,,,,,,,,,,,,,,,,,,,,,,,,,,,,,,,,,GA,GA,,,,,,,,,,,,,,,,,,,,,,,GA,,,GA,,
Azure Bastion,Bastion Standard SKU,,,,,,,,,,,,,,,,,,,,,,GA,,,,,,,,,,,,,,,,,,,,GA,,,,,,,,,,,,,,,,,,,,,,,GA,,,GA,
Azure Blueprints,Offer Coverage,,,,,,,,,,,,,,,,,,,,,,,,,,,,,,,,,,,,,,,Preview,,,,,,,,,,,,,,,,,,,,,,,,,,,,,,
Azure Bot Service,Offer Coverage,,,,,,,,,,,,,,,,,,,,,,,,,,,,,,,,,,,,,,,GA,,,,,,,,,,,,,,,,,,,,,,,,,,,,,,
Azure Business Continuity Center,Offer Coverage,,,,,,,,,,,,,,,,,,,,,,,,,,,,,,,,,,,,,,,Preview,,,,,,,,,,,,,,,,,,,,,,,,,,,,,,
Azure Carbon Optimization,Offer Coverage,,,,,,,,,,,,,,,,,,,,,,,,,,,,,,,,,,,,,,,GA,,,,,,,,,,,,,,,,,,,,,,,,,,,,,,
Azure Center for SAP Solutions,Offer Coverage,GA,,GA,,,,GA,,GA,,GA,GA,,,,,,,,,GA,GA,GA,,GA,,,GA,,,GA,GA,,GA,,,,,,GA,GA,GA,,,,GA,,GA,,GA,,GA,,GA,,,,GA,GA,,,,,,GA,,GA,GA,GA
Azure Chaos Studio,Offer Coverage,,,GA,,,,GA,,,,,GA,,,,,,,,,,GA,GA,,,,,,,,,GA,,,,,,,,GA,,,,,,,,,,GA,,GA,,,,,,,GA,,,,,GA,GA,,GA,,
Azure Chaos Studio,Resource Targeting,,,GA,,,,GA,,,,,GA,,,,,,,,,GA,GA,GA,,,,,,,,,GA,,,,,,,,GA,GA,,,,,,,,,GA,,GA,,,,,,,GA,,,,,GA,GA,,GA,GA,GA
Azure Cloud HSM,Offer Coverage,,,GA,GA,,,GA,,GA,GA,,GA,GA,,,,,,,,,GA,GA,,GA,,,GA,,,GA,GA,GA,,,,GA,,,,GA,,,,,,,GA,,GA,,GA,,GA,GA,,,,GA,GA,GA,GA,GA,GA,GA,,GA,GA,GA
Azure Communication Services,Offer Coverage,,,GA,,,,GA,,GA,,GA,GA,,,,,,,,GA,GA,GA,GA,,GA,,GA,GA,GA,,,GA,,GA,,,,,,GA,GA,,,,,GA,,GA,,GA,,,,GA,GA,GA,GA,GA,GA,,,,GA,,GA,,GA,GA,GA
Azure Compute Fleet,Offer Coverage,GA,GA,GA,GA,,,GA,GA,GA,GA,GA,GA,GA,,,,,,,,GA,GA,GA,,GA,GA,GA,GA,GA,GA,GA,GA,GA,GA,GA,GA,GA,GA,,GA,GA,GA,GA,GA,GA,GA,GA,GA,GA,GA,GA,GA,GA,GA,GA,GA,GA,GA,GA,GA,,,,GA,GA,GA,GA,GA,GA
Azure Confidential Ledger,Offer Coverage,,,,,,,,,,,GA,,,,,,,,,,,GA,,,,,,,,,,,,,,,,,,,,,,,,,,GA,,GA,,,,,,,,GA,,,,,,,GA,,GA,,
Azure Container Apps,Offer Coverage,,,GA,GA,,,GA,,GA,GA,GA,GA,,,,,,,GA,,GA,GA,GA,,GA,GA,,GA,,,GA,GA,GA,GA,,,,,,GA,GA,GA,,GA,,GA,,GA,GA,GA,GA,GA,,GA,GA,,,GA,GA,GA,GA,GA,GA,GA,GA,,GA,GA,GA
Azure Container Apps,Azure Container Apps - Azure Arc,,,,,,,,,,,,,,,,,,,,,Preview,Preview,,,,,,,,,,,,,,,,,,,,,,,,,,,,Preview,,,,,,,,,,,,,,,Preview,,,,
Azure Container Apps,Azure Container Apps - Dedicated,,,GA,,,,GA,,GA,,,GA,,,,,,,GA,,GA,GA,GA,,GA,,,GA,,,,GA,,GA,,,,,,GA,GA,GA,,,,GA,,GA,,GA,,GA,,GA,,,,GA,GA,,,,,,GA,,GA,GA,GA
Azure Container Storage,Offer Coverage,,,Preview,,,,Preview,,Preview,Preview,Preview,Preview,,,,,,,,,Preview,Preview,Preview,,Preview,,,Preview,,,,Preview,,Preview,,,,,,Preview,Preview,,,,,Preview,,Preview,,Preview,,Preview,,Preview,,,,Preview,Preview,,,,,Preview,Preview,,Preview,Preview,Preview
Azure Cosmos DB,Offer Coverage,GA,GA,GA,GA,GA,,GA,GA,GA,GA,GA,GA,GA,GA,GA,GA,GA,GA,GA,GA,GA,GA,GA,,GA,GA,GA,GA,GA,GA,GA,GA,GA,GA,GA,,GA,GA,,GA,GA,GA,GA,GA,GA,GA,GA,GA,GA,GA,GA,GA,GA,GA,GA,GA,GA,GA,GA,GA,GA,GA,GA,GA,GA,GA,GA,GA,GA
Azure Data Box,Offer Coverage,GA,GA,GA,GA,,,GA,,GA,GA,GA,GA,,,,,,,,,GA,GA,GA,,GA,GA,GA,GA,,,,GA,GA,GA,GA,,,,,GA,GA,GA,GA,,,GA,GA,GA,GA,GA,,GA,GA,GA,GA,,GA,GA,GA,GA,GA,GA,GA,GA,GA,GA,GA,GA,
Azure Data Box,Data Box,GA,GA,GA,GA,,,GA,,GA,GA,GA,GA,,,,,,,,,GA,GA,GA,,GA,GA,GA,GA,,,,GA,GA,GA,GA,,,,,GA,GA,GA,GA,,,GA,GA,GA,GA,GA,,GA,GA,GA,GA,,GA,GA,GA,GA,GA,GA,GA,GA,GA,GA,GA,GA,
Azure Data Box,Data Box 120,GA,GA,GA,GA,,,GA,GA,GA,GA,GA,,,,,,,,,,GA,GA,,,,,,GA,,,,GA,GA,GA,GA,,,,,,,GA,GA,,GA,GA,,,GA,GA,,,,GA,GA,,GA,GA,GA,,,,GA,,GA,GA,,GA,
Azure Data Box,Data Box 525,GA,GA,GA,GA,,,,,GA,,GA,,,,,,,,,,,GA,,GA,,,,GA,,,,GA,GA,,,,,,,,,,,,GA,,,,GA,GA,,,,,,,,,GA,,,,GA,,GA,GA,,,
Azure Data Box,Data Box Disk,GA,GA,GA,GA,,,GA,,GA,GA,GA,GA,,GA,GA,,GA,GA,,,GA,GA,GA,,GA,GA,,GA,,,,GA,GA,GA,GA,,,,,GA,GA,,GA,,,GA,,GA,GA,GA,,,,GA,GA,,GA,GA,GA,GA,GA,GA,GA,GA,GA,GA,GA,GA,
Azure Data Box,Data Box Heavy,,,,,,,,,,,,GA,,,,,,,,,,GA,GA,,GA,GA,,,,,,,,,,,,,,GA,GA,,,,,,,GA,,,,GA,GA,,,,,,GA,GA,GA,GA,GA,GA,GA,,GA,GA,
Azure Data Box,Import/Export,,,GA,GA,,,GA,,GA,GA,GA,GA,,GA,GA,,GA,,,,GA,GA,GA,,GA,,,GA,,,,GA,GA,GA,,,,,,GA,GA,GA,,,,GA,,GA,GA,GA,,GA,,GA,GA,,,GA,GA,GA,,,GA,GA,GA,GA,GA,GA,
Azure Data Explorer,Offer Coverage,GA,GA,GA,GA,GA,,GA,GA,GA,GA,GA,GA,GA,GA,GA,GA,GA,GA,GA,GA,GA,GA,GA,,GA,GA,GA,GA,GA,GA,GA,GA,GA,GA,GA,,,GA,,GA,GA,GA,GA,GA,GA,GA,GA,GA,GA,GA,,GA,GA,GA,GA,,GA,GA,GA,GA,GA,GA,GA,GA,GA,GA,GA,GA,GA
Azure Data Lake Storage Gen1,Offer Coverage,,,,,,,,,,,,Closing Down,,,,,,,,,,,Closing Down,,,,,,,,,,,,,,,,,,Closing Down,,,,,,,,,,,,,,,,,,,,,,,,Closing Down,,,,
Azure Data Manager for Energy,Offer Coverage,,,GA,,,,GA,,,,GA,,,,,,,,,,,GA,,,,,,,GA,,,,,,,,,,,,GA,,,,GA,GA,,GA,,GA,,GA,,,,,,GA,,,,,,,GA,,,,
Azure Data Share,Offer Coverage,,,GA,,,,,,GA,,GA,GA,,,,,,,,,GA,GA,GA,,,,,,,,,,,,,,,,,,GA,,,,,GA,,GA,,GA,,,,,,,,,GA,,GA,,GA,,GA,,GA,GA,
Azure Data Share,Snapshot Execution,,,GA,GA,,,GA,,GA,GA,GA,GA,,,,,,,,,GA,GA,GA,,GA,,,GA,,,,GA,GA,GA,,,,,,GA,GA,GA,,,,GA,,GA,GA,GA,,,,GA,,,,GA,GA,GA,GA,,GA,GA,GA,,GA,GA,
Azure Database for MariaDB,Offer Coverage,Closing Down,Closing Down,Closing Down,Closing Down,,,Closing Down,Closing Down,Closing Down,Closing Down,Closing Down,Closing Down,,,Closing Down,,,Closing Down,,,Closing Down,Closing Down,Closing Down,,Closing Down,Closing Down,Closing Down,Closing Down,,,,Closing Down,Closing Down,Closing Down,Closing Down,,,,,Closing Down,Closing Down,Closing Down,Closing Down,,,Closing Down,Closing Down,Closing Down,Closing Down,Closing Down,,Closing Down,,Closing Down,Closing Down,,,Closing Down,Closing Down,Closing Down,Closing Down,Closing Down,Closing Down,Closing Down,Closing Down,Closing Down,Closing Down,Closing Down,Closing Down
Azure Database for MySQL,Offer Coverage,GA,GA,GA,GA,,,GA,GA,GA,GA,GA,GA,,GA,GA,GA,GA,GA,GA,,GA,GA,GA,,GA,GA,GA,GA,GA,,GA,GA,GA,GA,GA,,,,,GA,GA,GA,GA,GA,GA,GA,GA,GA,GA,GA,GA,GA,,GA,GA,GA,GA,GA,GA,GA,GA,GA,GA,GA,GA,GA,GA,GA,GA
Azure Database for MySQL,Azure Database for MySQL - Flexible Server,GA,,GA,GA,GA,GA,GA,,GA,GA,GA,GA,GA,,GA,GA,,GA,GA,GA,GA,GA,GA,,GA,GA,GA,GA,GA,GA,GA,GA,GA,GA,GA,GA,GA,GA,,GA,GA,GA,GA,GA,GA,GA,GA,GA,GA,GA,GA,GA,,GA,GA,GA,GA,GA,GA,GA,GA,GA,GA,GA,GA,,GA,GA,GA
Azure Database for MySQL,Azure Database for MySQL - Single Server,Closing Down,Closing Down,Closing Down,Closing Down,,,Closing Down,Closing Down,Closing Down,Closing Down,Closing Down,Closing Down,,Closing Down,Closing Down,,Closing Down,Closing Down,,,Closing Down,Closing Down,Closing Down,,Closing Down,Closing Down,Closing Down,Closing Down,,,,Closing Down,Closing Down,Closing Down,Closing Down,,,,,Closing Down,Closing Down,Closing Down,Closing Down,,,Closing Down,Closing Down,Closing Down,Closing Down,Closing Down,,Closing Down,,Closing Down,Closing Down,,Closing Down,Closing Down,Closing Down,Closing Down,Closing Down,Closing Down,Closing Down,Closing Down,Closing Down,Closing Down,Closing Down,Closing Down,Closing Down
Azure Database for PostgreSQL,Offer Coverage,GA,GA,GA,GA,,,GA,GA,GA,GA,GA,GA,,GA,GA,,GA,GA,,,GA,GA,GA,,GA,GA,GA,GA,,,,GA,GA,GA,GA,,,,,GA,GA,GA,GA,,,GA,GA,GA,GA,GA,,GA,GA,GA,GA,,GA,GA,GA,GA,GA,GA,GA,GA,GA,GA,GA,GA,GA
Azure Database for PostgreSQL,Azure Database for PostgreSQL   Azure Arc,,,Preview,,,,Preview,,Preview,Preview,Preview,Preview,,,,,,,,,Preview,Preview,Preview,,Preview,,,,,,,Preview,,Preview,,,,,,Preview,Preview,Preview,,,,Preview,,Preview,,Preview,,Preview,,Preview,,,,Preview,Preview,Preview,,,,Preview,Preview,,Preview,Preview,Preview
Azure Database for PostgreSQL,Azure Database for PostgreSQL - Flexible Server,GA,GA,GA,GA,,,GA,GA,GA,GA,GA,GA,,,GA,GA,,GA,GA,GA,GA,GA,GA,,GA,GA,GA,GA,GA,GA,GA,GA,GA,GA,GA,,GA,GA,,GA,GA,GA,GA,GA,GA,GA,GA,GA,GA,GA,GA,GA,GA,GA,GA,,GA,GA,GA,GA,GA,GA,GA,GA,GA,,GA,GA,GA
Azure Database for PostgreSQL,Hyperscale (Citus),GA,,GA,,,,GA,,GA,GA,GA,GA,,,,,,,,,GA,GA,GA,,GA,,,GA,,,,GA,GA,GA,,,,,,GA,GA,,,GA,GA,,,GA,GA,GA,,GA,,GA,GA,,,,GA,,,,,GA,GA,,GA,GA,GA
Azure Database Migration Service,Offer Coverage,GA,GA,GA,GA,,,GA,GA,GA,GA,GA,GA,,,GA,,,GA,GA,,GA,GA,GA,,GA,GA,GA,GA,GA,,GA,GA,GA,GA,GA,,GA,GA,,GA,GA,GA,GA,GA,GA,GA,GA,GA,GA,GA,GA,GA,GA,GA,GA,GA,GA,GA,GA,GA,GA,,GA,GA,GA,GA,GA,GA,GA
Azure Databricks,Offer Coverage,GA,GA,GA,GA,,,GA,,GA,GA,GA,GA,,,GA,GA,,GA,GA,,GA,GA,GA,,GA,,,GA,,,,GA,GA,GA,,,GA,,,GA,GA,GA,,,GA,GA,,GA,GA,GA,,GA,,GA,GA,,,GA,GA,GA,GA,,GA,GA,GA,GA,GA,GA,GA
Azure DDoS Protection,Offer Coverage,GA,GA,GA,GA,GA,,GA,GA,GA,GA,GA,GA,GA,,,GA,,,GA,GA,GA,GA,GA,,GA,GA,GA,GA,GA,GA,GA,GA,GA,GA,GA,GA,GA,GA,,GA,GA,GA,GA,GA,GA,GA,GA,GA,GA,GA,GA,GA,GA,GA,GA,GA,GA,GA,GA,GA,GA,GA,GA,GA,GA,GA,GA,GA,GA
Azure DDoS Protection,DDoS IP Protection,GA,GA,GA,GA,,GA,GA,GA,GA,GA,GA,GA,GA,,GA,GA,,GA,GA,GA,GA,GA,GA,,GA,GA,GA,GA,GA,GA,GA,GA,GA,GA,GA,GA,GA,GA,,GA,GA,GA,GA,GA,GA,GA,GA,GA,GA,GA,GA,GA,GA,GA,GA,GA,GA,GA,GA,GA,,,GA,GA,GA,GA,GA,GA,GA
Azure Dedicated HSM,Offer Coverage,,,Closing Down,Closing Down,,,,,Closing Down,Closing Down,Closing Down,,,,,,,,,,Closing Down,Closing Down,Closing Down,,,,,,,,,Closing Down,Closing Down,,,,,,,,Closing Down,,,,,,,Closing Down,Closing Down,Closing Down,,,,Closing Down,Closing Down,,,,Closing Down,Closing Down,,Closing Down,Closing Down,,Closing Down,,Closing Down,Closing Down,
Azure Defender for IoT,Offer Coverage,,,,,,,,,,,,,,,,,,,,,,,,,,,,,,,,,,,,,,,GA,,,,,,,,,,,,,,,,,,,,,,,,,,,,,,
Azure Deployment Environments,Offer Coverage,,,GA,,,,GA,,GA,,GA,GA,,,,,,,,,GA,GA,GA,,,,,GA,,,GA,GA,,GA,,,,,,,GA,,,,,GA,,GA,,GA,GA,GA,,GA,,,,,GA,,,,,,GA,,,GA,GA
Azure Device Registry,Offer Coverage,,,,,,,,,,,,,,,,,,,,,,GA,GA,,,,,GA,,,,,,,,,,,,,GA,,,,,,,,,,,,,,,,,,,,,,,,GA,,GA,GA,GA
Azure DevOps,Offer Coverage,,,GA,,,,GA,,GA,,,GA,,,,,,,,,GA,,,,,,,,,,,,,,,,,,,GA,,,,,,,,GA,GA,,,,,,,,,,GA,,,,,,GA,,,,
Azure DevTest Labs,Offer Coverage,GA,GA,GA,GA,,,GA,GA,GA,GA,GA,GA,,,,,,,,,GA,GA,GA,,GA,GA,,GA,,,,GA,GA,GA,GA,,,,,GA,GA,GA,,,GA,GA,,GA,GA,GA,,GA,GA,GA,GA,GA,,GA,GA,GA,GA,GA,GA,GA,GA,GA,GA,GA,GA
Azure Digital Twins,Offer Coverage,,,GA,,,,,,,,,,,,,,,,,,,GA,GA,,,,,,,,,GA,,,,,,,,,GA,,,,,,,GA,,GA,,,,,,,,,GA,,,,,GA,GA,,,GA,
Azure DNS,Offer Coverage,,,,,,,,,,,,,,,,,,,,,,,,,,,,,,,,,,,,,,,GA,,,,,,,,,,,,,,,,,,,,,,,,,,,,,,
Azure DNS,Azure DNS Private Resolver,GA,,GA,GA,GA,GA,GA,,GA,GA,GA,GA,GA,,,GA,,,GA,GA,GA,GA,GA,,GA,,GA,GA,GA,GA,GA,GA,GA,GA,,GA,GA,GA,,GA,GA,GA,,GA,GA,GA,,GA,GA,GA,GA,GA,GA,GA,,GA,GA,GA,GA,GA,GA,GA,GA,GA,GA,,GA,GA,GA
Azure DNS,Azure DNS Private Zones,GA,GA,GA,GA,GA,,GA,GA,GA,GA,GA,GA,GA,GA,GA,GA,GA,GA,GA,GA,GA,GA,GA,GA,GA,GA,GA,GA,GA,GA,GA,GA,GA,GA,GA,,GA,GA,,GA,GA,GA,GA,GA,GA,GA,GA,GA,GA,GA,GA,GA,GA,GA,GA,GA,GA,GA,GA,GA,GA,GA,GA,GA,GA,GA,GA,GA,GA
Azure DNS,Azure DNS Public Zones,,,,,,,,,,,,,,,,,,,,,,,,,,,,,,,,,,,,,,,GA,,,,,,,,,,,,,,,,,,,,,,,,,,,,,,
Azure Elastic SAN,Offer Coverage,,GA,GA,GA,,,GA,GA,GA,GA,GA,GA,,,,,,,,,GA,GA,GA,,GA,GA,GA,GA,,,,GA,GA,GA,GA,,,,,GA,GA,GA,GA,,,GA,,GA,,GA,,GA,GA,GA,,,,GA,GA,GA,,,,GA,GA,,GA,GA,GA
Azure Files,Offer Coverage,GA,GA,GA,GA,GA,,GA,GA,GA,GA,GA,GA,GA,GA,GA,GA,GA,GA,GA,GA,GA,GA,GA,,GA,GA,GA,GA,GA,GA,GA,GA,GA,GA,GA,,GA,GA,,GA,GA,GA,GA,GA,GA,GA,GA,GA,GA,GA,GA,GA,GA,GA,GA,GA,GA,GA,GA,GA,GA,GA,GA,GA,GA,GA,GA,GA,GA
Azure Files,Geo redundant HDD storage,,,,,GA,,,,,,,,,,,,,,,,,,GA,GA,,,,,,,,,GA,,,,GA,GA,,GA,,,,,,,,GA,,,GA,,,,,GA,,,GA,,,,,,,,,,
Azure Files,Locally redundant HDD storage,GA,GA,GA,GA,GA,,GA,GA,GA,GA,GA,GA,GA,GA,GA,GA,GA,GA,GA,GA,GA,GA,GA,,GA,GA,GA,GA,GA,GA,GA,GA,GA,GA,GA,,GA,GA,,GA,GA,GA,GA,GA,GA,GA,GA,GA,GA,GA,GA,GA,GA,GA,GA,GA,GA,GA,GA,GA,GA,GA,GA,GA,GA,GA,GA,GA,GA
Azure Files,Locally redundant SSD storage,GA,GA,GA,GA,,,GA,GA,GA,GA,GA,GA,,,GA,GA,,GA,GA,,GA,GA,GA,,GA,GA,GA,GA,,,GA,GA,GA,GA,GA,,,,,GA,GA,GA,GA,GA,GA,GA,GA,GA,GA,GA,,GA,,GA,GA,,GA,GA,GA,GA,GA,GA,GA,GA,GA,GA,GA,GA,GA
Azure Files,Zone redundant SSD storage,,,,,,,,,,,,,,,,,,,,,,,,,,,,,,,,,,,,,,,,,,,,,,,,,,,,,,,,,,,,,,,,,,,,GA,
Azure Firewall,Offer Coverage,GA,GA,GA,GA,,,GA,GA,GA,GA,GA,GA,,GA,GA,GA,GA,GA,GA,,GA,GA,GA,,GA,GA,GA,GA,,GA,GA,GA,GA,GA,GA,,,,,GA,GA,GA,GA,GA,GA,GA,GA,GA,GA,GA,,GA,,GA,GA,GA,GA,GA,GA,GA,GA,GA,GA,GA,GA,GA,GA,GA,GA
Azure Firewall,Azure Firewall Basic,GA,,GA,GA,,,GA,GA,GA,GA,GA,GA,,,GA,GA,,GA,GA,GA,GA,GA,GA,,GA,GA,,GA,GA,GA,GA,GA,GA,GA,GA,,,,,GA,GA,GA,GA,GA,GA,GA,GA,GA,GA,GA,,GA,,GA,,GA,GA,GA,GA,GA,GA,GA,GA,GA,GA,GA,GA,GA,GA
Azure Firewall,Azure Firewall Premium,GA,GA,GA,GA,,,GA,GA,GA,GA,GA,GA,,,GA,GA,,GA,GA,GA,GA,GA,GA,,GA,GA,,GA,GA,GA,GA,GA,GA,GA,GA,,,,,GA,GA,GA,,GA,GA,GA,GA,GA,GA,GA,,GA,,GA,GA,GA,GA,GA,GA,GA,GA,GA,GA,GA,GA,GA,GA,GA,GA
Azure Firewall,Azure Firewall Standard,GA,GA,GA,GA,,,GA,GA,GA,GA,GA,GA,,GA,GA,GA,GA,GA,GA,GA,GA,GA,GA,,GA,GA,GA,GA,GA,GA,GA,GA,GA,GA,GA,,,,,GA,GA,GA,GA,GA,GA,GA,GA,GA,GA,GA,,GA,,GA,GA,GA,GA,GA,GA,GA,GA,GA,GA,GA,GA,GA,GA,GA,GA
Azure Firewall Manager,Offer Coverage,GA,GA,GA,GA,,GA,GA,,GA,GA,GA,GA,,,GA,GA,,GA,GA,GA,GA,GA,GA,,GA,GA,GA,GA,GA,GA,GA,GA,GA,GA,GA,,GA,,,GA,GA,GA,GA,GA,GA,GA,GA,GA,GA,GA,GA,GA,,GA,GA,GA,GA,GA,GA,GA,GA,GA,GA,GA,GA,GA,GA,GA,GA
Azure for Education,Offer Coverage,,,,,,,,,,,,,,,,,,,,,,,,,,,,,,,,,,,,,,,GA,,,,,,,,,,,,,,,,,,,,,,,,,,,,,,
Azure Front Door,Offer Coverage,,,,,,,,,,,,,,,,,,,,,,,,,,,,,,,,,,,,,,,GA,,,,,,,,,,,,,,,,,,,,,,,,,,,,,,
Azure Front Door,Azure Front Door Premium,,,,,,,,,,,,,,,,,,,,,,,,,,,,,,,,,,,,,,,GA,,,,,,,,,,,,,,,,,,,,,,,,,,,,,,
Azure Front Door,Azure Front Door Standard,,,,,,,,,,,,,,,,,,,,,,,,,,,,,,,,,,,,,,,GA,,,,,,,,,,,,,,,,,,,,,,,,,,,,,,
Azure Grafana Service,Offer Coverage,,,GA,,,,GA,,GA,,GA,GA,,,,,,,GA,,GA,GA,GA,,GA,,,GA,,,GA,GA,,GA,,,,,,,GA,GA,,,,,,GA,,GA,,GA,,GA,,,,GA,GA,,GA,,GA,GA,GA,,GA,GA,GA
Azure Health AI Deidentification service,Offer Coverage,,,,,,,,,GA,,,,,,,,,,,,,GA,GA,,,,,,,,,,,,,,,,,,,,,,,,,GA,,,,,,,,,,,GA,,,,,,GA,,,GA,GA
Azure Health Data Services,Offer Coverage,,,GA,,,,GA,,GA,,GA,,,,,,,,,,GA,GA,GA,,GA,,GA,GA,,,,GA,GA,GA,,,,,,GA,GA,,,,GA,GA,,GA,,GA,,GA,,GA,,,,,GA,GA,GA,,GA,GA,GA,,,GA,GA
Azure Health Data Services,Azure API for FHIR,,,Closing Down,,,,Closing Down,,Closing Down,,Closing Down,,,,,,,,,,Closing Down,Closing Down,Closing Down,,Closing Down,,Closing Down,Closing Down,,,,Closing Down,Closing Down,Closing Down,,,,,,Closing Down,Closing Down,,,,,Closing Down,,Closing Down,,Closing Down,,Closing Down,,Closing Down,,,,,Closing Down,Closing Down,Closing Down,,Closing Down,Closing Down,Closing Down,,,Closing Down,Closing Down
Azure Health Data Services,Azure Health Data Services,,,GA,,,,GA,,GA,,GA,,,,,,,,,,,GA,GA,,GA,,,GA,,,,GA,,GA,,,,,,GA,GA,,,,GA,,,GA,,GA,,GA,,GA,,,,,GA,,,,,GA,GA,,,GA,GA
Azure HPC Cache,Offer Coverage,,,Closing Down,,,,,,Closing Down,,Closing Down,Closing Down,,,,,,,,,Closing Down,Closing Down,Closing Down,,,,,Closing Down,,,,,,Closing Down,,,,,,Closing Down,Closing Down,,,,,,,Closing Down,,Closing Down,,Closing Down,,,,,,,Closing Down,,,,,,Closing Down,,Closing Down,Closing Down,Closing Down
Azure Information Protection,Offer Coverage,,,,,,,,,,,,,,,,,,,,,,,,,,,,,,,,,,,,,,,GA,,,,,,,,,,,,,,,,,,,,,,,,,,,,,,
Azure Information Protection,Free,,,,,,,,,,,,,,,,,,,,,,,,,,,,,,,,,,,,,,,GA,,,,,,,,,,,,,,,,,,,,,,,,,,,,,,
Azure Information Protection,Premium P1,,,,,,,,,,,,,,,,,,,,,,,,,,,,,,,,,,,,,,,GA,,,,,,,,,,,,,,,,,,,,,,,,,,,,,,
Azure Information Protection,Premium P2,,,,,,,,,,,,,,,,,,,,,,,,,,,,,,,,,,,,,,,GA,,,,,,,,,,,,,,,,,,,,,,,,,,,,,,
Azure IoT Operations,Offer Coverage,,,,,,,,,,,,,,,,,,,,,,GA,GA,,,,,GA,,,,,,,,,,,,,GA,,,,,,,GA,,,,,,,,,,,,,,,,,GA,,GA,GA,GA
Azure Kubernetes Fleet Manager,Offer Coverage,GA,GA,GA,GA,GA,GA,GA,GA,GA,GA,GA,GA,GA,,GA,GA,,GA,GA,,GA,GA,GA,,GA,GA,GA,GA,GA,GA,GA,GA,GA,GA,GA,GA,GA,GA,,GA,GA,GA,GA,GA,GA,GA,GA,GA,GA,GA,GA,GA,GA,GA,GA,GA,GA,GA,GA,GA,GA,GA,GA,GA,GA,,GA,GA,GA
Azure Kubernetes Service (AKS),Offer Coverage,GA,GA,GA,GA,GA,,GA,GA,GA,GA,GA,GA,GA,,GA,GA,,GA,GA,GA,GA,GA,GA,,GA,GA,GA,GA,GA,GA,GA,GA,GA,GA,GA,GA,GA,GA,,GA,GA,GA,GA,GA,GA,GA,GA,GA,GA,GA,GA,GA,GA,GA,GA,GA,GA,GA,GA,GA,GA,GA,GA,GA,GA,,GA,GA,GA
Azure Kubernetes Service enabled by Azure Arc,Offer Coverage,,,GA,,,,,,GA,,,,,,,,,,,,,GA,,,,,,,,,,GA,,,,,,,,,,,,,,,,,,GA,,,,,,,,,,,,,,,GA,,,,
Azure Kubernetes Service enabled by Azure Arc,AKS on HCI and Windows Server,,,,,,,,,,,,,,,,,,,,,,GA,,,,,,,,,,,,,,,,,,,,,,,,,,,,,,,,,,,,,,,,,,,,,,,
Azure Lab Services,Offer Coverage,Closing Down,Closing Down,Closing Down,Closing Down,,,Closing Down,,Closing Down,Closing Down,Closing Down,Closing Down,,,,,,,,,Closing Down,Closing Down,Closing Down,,Closing Down,Closing Down,,,,,,Closing Down,Closing Down,Closing Down,Closing Down,,,,,Closing Down,Closing Down,,,,,,,Closing Down,Closing Down,Closing Down,,,,,,,,,Closing Down,Closing Down,,,,Closing Down,Closing Down,Closing Down,Closing Down,Closing Down,
Azure Lab Services,Azure Lab Services V2,,,Closing Down,Closing Down,Closing Down,,Closing Down,,Closing Down,Closing Down,Closing Down,Closing Down,,,,,,,,,Closing Down,Closing Down,Closing Down,,Closing Down,,,Closing Down,,,,Closing Down,,Closing Down,,,,,,Closing Down,Closing Down,Closing Down,,,,Closing Down,,Closing Down,,Closing Down,,,,Closing Down,,,,Closing Down,Closing Down,Closing Down,,,,Closing Down,Closing Down,,Closing Down,Closing Down,
Azure Large Instance for Epic v1.1,Offer Coverage,,,,,,,,,,,,,,,,,,,,,,Closing Down,,,,,,,,,,,,,,,,,,,,,,,,,,Closing Down,,,,,,,,,,,,,,,,,,,,Closing Down,
Azure Large Instances,Offer Coverage,,,,,,,,,,,,,,,,,,,,,,Closing Down,,,,,,,,,,,,,,,,,,,,,,,,,,Closing Down,,,,,,,,,,,,,,,,,,,,Closing Down,
Azure Large Instances,Bare Metal Infrastructure,,,,,,,,,,,,,,,,,,,,,,GA,GA,,,,,GA,,,,,,,,,,,,,GA,,,,,,,GA,,,,,,,,,,,,,,,,,GA,,,GA,
Azure Lighthouse,Offer Coverage,,,,,,,,,,,,,,,,,,,,,,,,,,,,,,,,,,,,,,,GA,,,,,,,,,,,,,,,,,,,,,,,,,,,,,,
Azure Load Balancer,Offer Coverage,GA,GA,GA,GA,GA,,GA,GA,GA,GA,GA,GA,GA,GA,GA,GA,GA,GA,GA,GA,GA,GA,GA,GA,GA,GA,GA,GA,GA,GA,GA,GA,GA,GA,GA,,GA,GA,,GA,GA,GA,GA,GA,GA,GA,GA,GA,GA,GA,GA,GA,GA,GA,GA,GA,GA,GA,GA,GA,GA,GA,GA,GA,GA,GA,GA,GA,GA
Azure Load Balancer,Basic,Closing Down,Closing Down,Closing Down,Closing Down,Closing Down,,Closing Down,Closing Down,Closing Down,Closing Down,Closing Down,Closing Down,Closing Down,Closing Down,Closing Down,Closing Down,Closing Down,Closing Down,Closing Down,,Closing Down,Closing Down,Closing Down,,Closing Down,Closing Down,Closing Down,Closing Down,Closing Down,Closing Down,Closing Down,Closing Down,Closing Down,Closing Down,Closing Down,,Closing Down,Closing Down,,Closing Down,Closing Down,Closing Down,Closing Down,Closing Down,Closing Down,Closing Down,Closing Down,Closing Down,Closing Down,Closing Down,Closing Down,Closing Down,Closing Down,Closing Down,Closing Down,Closing Down,Closing Down,Closing Down,Closing Down,Closing Down,Closing Down,Closing Down,Closing Down,Closing Down,Closing Down,Closing Down,Closing Down,Closing Down,Closing Down
Azure Load Balancer,Standard,GA,GA,GA,GA,GA,,GA,GA,GA,GA,GA,GA,GA,GA,GA,GA,GA,GA,GA,,GA,GA,GA,,GA,GA,GA,GA,GA,GA,GA,GA,GA,GA,GA,,GA,GA,,GA,GA,GA,GA,GA,GA,GA,GA,GA,GA,GA,GA,GA,GA,GA,GA,GA,GA,GA,GA,GA,GA,GA,GA,GA,GA,GA,GA,GA,GA
Azure Local,Offer Coverage,,,GA,,,,,,GA,,GA,,,,GA,,,,GA,,,GA,,,,,,,,,,GA,,,,,,,,,,,,,,,,GA,,GA,,,,,,,,,,,,,GA,,GA,,,,
Azure Local,disconnected operations,,,GA,,,,,,,,,,,,,,,,,,,,GA,,,,,,,,,,,,,,,,,,,,,,,,,,,GA,,,,,,,,,GA,,,,GA,,GA,,,,
Azure Managed Applications,Offer Coverage,GA,GA,GA,GA,,,GA,,GA,GA,GA,GA,,GA,GA,,GA,GA,,,GA,GA,GA,,GA,GA,,,,,,GA,GA,GA,GA,,,,,GA,GA,,,,,,,GA,GA,GA,,,,,,,,,GA,GA,GA,GA,GA,GA,GA,GA,GA,GA,
Azure Managed Lustre (AMLFS),Offer Coverage,,,GA,,,,GA,,GA,,GA,GA,,,,,,,,,,GA,GA,,GA,,,GA,GA,,GA,GA,GA,GA,GA,GA,GA,,,GA,GA,GA,,,,GA,,GA,,GA,GA,GA,,,,,,GA,GA,,,,GA,,GA,,GA,GA,GA
Azure Maps,Offer Coverage,,,,,,,,,,,,,,,,,,,,,,,,,,,,,,,,,,,,,,,GA,,,,,,,,,,,,,,,,,,,,,,,,,,,,,,
Azure Migrate,Offer Coverage,,,GA,GA,,,GA,,GA,,GA,GA,,,,,,GA,,GA,GA,GA,,,GA,,,GA,GA,,,GA,GA,GA,GA,,GA,GA,,,GA,GA,,GA,GA,GA,,,GA,GA,GA,GA,,GA,GA,,,GA,GA,GA,GA,,GA,GA,GA,,,GA,
Azure Monitor,Offer Coverage,GA,GA,GA,GA,,,GA,GA,GA,GA,GA,GA,GA,GA,GA,GA,GA,,GA,,GA,GA,GA,,GA,GA,GA,GA,GA,GA,GA,GA,GA,GA,GA,GA,GA,GA,,GA,GA,GA,GA,GA,GA,GA,GA,GA,GA,GA,GA,GA,GA,GA,GA,GA,GA,GA,GA,GA,GA,GA,GA,GA,GA,GA,GA,GA,GA
Azure Monitor,Application Insights,GA,GA,GA,GA,,,GA,GA,GA,GA,GA,GA,GA,,GA,GA,,,GA,,GA,GA,GA,,GA,GA,GA,GA,GA,GA,GA,GA,GA,GA,GA,GA,GA,GA,,GA,GA,GA,GA,GA,GA,GA,GA,GA,GA,GA,GA,GA,GA,GA,GA,GA,GA,GA,GA,GA,GA,GA,GA,,GA,,GA,GA,GA
Azure Monitor,Azure Monitor Managed Service for Prometheus,GA,GA,GA,GA,,,GA,GA,GA,GA,GA,GA,GA,,,GA,,,GA,,GA,GA,GA,,GA,GA,,GA,GA,GA,GA,GA,GA,GA,GA,GA,GA,GA,,,GA,GA,GA,GA,,GA,,GA,GA,GA,GA,GA,GA,GA,GA,GA,GA,GA,GA,GA,,GA,GA,GA,GA,,GA,GA,GA
Azure Monitor,Azure Monitor pipeline,,,,,,,,,,,,,,,,,,,,,,,,,,,,,,,,,,,,,,,Preview,,,,,,,,,,,,,,,,,,,,,,,,,,,,,,
Azure Monitor,Azure Monitor SCOM Managed Instance,,,Closing Down,,,,,,Closing Down,,,,,,,,,,,,,Closing Down,Closing Down,,,,,Closing Down,,,Closing Down,,,,,,,,,,Closing Down,,,,,,,,,Closing Down,,Closing Down,,,,,,,Closing Down,,,,,,Closing Down,,Closing Down,Closing Down,Closing Down
Azure Monitor,Log Analytics,GA,GA,GA,GA,,,GA,GA,GA,GA,GA,GA,GA,,GA,GA,,,GA,,GA,GA,GA,,GA,GA,GA,GA,GA,GA,GA,GA,GA,GA,GA,GA,GA,GA,,GA,GA,GA,GA,GA,GA,GA,GA,GA,GA,GA,GA,GA,GA,GA,GA,GA,GA,GA,GA,GA,GA,GA,GA,GA,GA,,GA,GA,GA
Azure Monitor for SAP Solutions,Offer Coverage,GA,,GA,GA,,,GA,,GA,,GA,GA,,,,,,,,,GA,GA,GA,,,,,GA,,,GA,,,,,,,,,GA,GA,,,,,,,GA,,GA,,GA,,,,,,,GA,,,,,GA,GA,,GA,GA,GA
Azure Monitor Grafana,Offer Coverage,,,GA,,,,GA,,GA,,GA,GA,,,,,,,,,,,GA,,GA,,,,,,,,GA,,,,,,,,,,,,,,,,,GA,,,,GA,,,,GA,GA,,,,,GA,,,,GA,
Azure NetApp Files,Offer Coverage,GA,GA,GA,GA,,,GA,GA,GA,GA,GA,GA,,,,,,,,,GA,GA,GA,,GA,,GA,GA,,GA,GA,GA,GA,GA,GA,,,,,GA,GA,GA,GA,,GA,GA,,GA,GA,GA,GA,GA,,GA,GA,,GA,GA,GA,GA,GA,GA,GA,,GA,,GA,GA,GA
Azure NetApp Files,Backup and Restore,GA,GA,GA,GA,,,GA,GA,GA,GA,GA,GA,,,,,,,,,GA,GA,GA,,GA,,GA,GA,,GA,GA,GA,GA,GA,GA,,,,,GA,GA,GA,GA,,GA,GA,,GA,GA,GA,GA,GA,,GA,GA,,GA,GA,GA,,,,,,GA,,,GA,GA
Azure Operator Service Manager,Offer Coverage,,,GA,,,,,,GA,,,,,,,,,,,,,GA,,,,,,,,,,,,,,,,,,,GA,,,,,,,GA,,GA,,,,,,,,GA,GA,,,,,GA,GA,,GA,,GA
Azure Payment HSM,Offer Coverage,,,GA,GA,,,,,,,,GA,,,,,,,,,,GA,,,,,,,,,,,,,,,,,,,GA,,,,,,,GA,,,,,,,,,,,,,,,,,GA,,GA,,
Azure Performance Diagnostics,Offer Coverage,,,,,,,,,,,,,,,,,,,,,,,,,,,,,,,,,,,,,,,GA,,,,,,,,,,,,,,,,,,,,,,,,,,,,,,
Azure Policy,Offer Coverage,,,,,,,,,,,,,,,,,,,,,,,,,,,,,,,,,,,,,,,GA,,,,,,,,,,,,,,,,,,,,,,,,,,,,,,
Azure Private Link,Offer Coverage,GA,GA,GA,GA,,,GA,GA,GA,GA,GA,GA,,GA,GA,GA,GA,GA,GA,GA,GA,GA,GA,,GA,GA,GA,GA,GA,GA,GA,GA,GA,GA,GA,,,,,GA,GA,GA,GA,GA,GA,GA,GA,GA,GA,GA,GA,GA,GA,GA,GA,GA,GA,GA,GA,GA,GA,,GA,GA,GA,GA,GA,GA,GA
Azure Quantum,Offer Coverage,,,,,,,,,,,,,,,,,,,,,,Preview,,,,,,,,,,,,,,,,,,,Preview,,,,,,,,,,,,,,,,,,,,,,,,Preview,,Preview,,
Azure Red Hat OpenShift (ARO),Offer Coverage,GA,GA,GA,GA,GA,,GA,GA,GA,GA,GA,GA,,,,,,,,,GA,GA,GA,,GA,,,GA,GA,,GA,GA,GA,GA,,GA,GA,GA,,GA,GA,GA,GA,,GA,GA,,GA,GA,GA,GA,GA,,GA,GA,GA,GA,GA,GA,GA,GA,GA,GA,GA,GA,,GA,GA,GA
Azure Resource Graph,Offer Coverage,,,,,,,,,,,,,,,,,,,,,,,,,,,,,,,,,,,,,,,GA,,,,,,,,,,,,,,,,,,,,,,,,,,,,,,
Azure Resource Manager,Offer Coverage,GA,GA,GA,GA,GA,,GA,GA,GA,GA,GA,GA,GA,GA,GA,GA,GA,GA,GA,,GA,GA,GA,,GA,GA,GA,GA,GA,GA,GA,GA,GA,GA,GA,,GA,GA,,GA,GA,GA,GA,GA,GA,GA,GA,GA,GA,GA,GA,GA,GA,GA,GA,GA,GA,GA,GA,GA,GA,GA,GA,GA,GA,GA,GA,GA,GA
Azure Route Server,Offer Coverage,GA,GA,GA,GA,,,GA,GA,GA,GA,GA,GA,,GA,GA,GA,GA,GA,GA,GA,GA,GA,GA,,GA,,GA,GA,GA,GA,GA,GA,GA,GA,,,GA,GA,,GA,GA,GA,,GA,,GA,GA,GA,GA,GA,GA,GA,,GA,,GA,,GA,GA,GA,GA,GA,GA,GA,GA,,GA,GA,GA
Azure Service Manager (RDFE),Offer Coverage,GA,GA,GA,GA,GA,,GA,GA,GA,GA,GA,GA,GA,GA,GA,GA,GA,GA,GA,,GA,GA,GA,,GA,GA,GA,GA,GA,GA,GA,GA,GA,GA,GA,,GA,GA,,GA,GA,GA,GA,GA,GA,GA,GA,GA,GA,GA,GA,GA,GA,GA,GA,GA,GA,GA,GA,GA,GA,GA,GA,GA,GA,GA,GA,GA,GA
Azure SignalR Service,Offer Coverage,,,GA,GA,,,GA,,GA,GA,GA,GA,,,GA,GA,,GA,GA,,GA,GA,GA,,GA,,,GA,,,GA,GA,GA,GA,,,,,,GA,GA,GA,,GA,GA,GA,,GA,GA,GA,GA,GA,,GA,GA,GA,,GA,GA,GA,GA,,GA,GA,GA,,GA,GA,GA
Azure Signup Portal,Offer Coverage,,,,,,,,,,,,,,,,,,,,,,,,,,,,,,,,,,,,,,,GA,,,,,,,,,,,,,,,,,,,,,,,,,,,,,,
Azure Sphere,Offer Coverage,,,,,,,,,,,,,,,,,,,,,,,,,,,,,,,,,,,,,,,Closing Down,,,,,,,,,,,,,,,,,,,,,,,,,,,,,,
Azure Spring Apps,Offer Coverage,,,Closing Down,Closing Down,,,Closing Down,,Closing Down,Closing Down,Closing Down,Closing Down,,,Closing Down,,,Closing Down,Closing Down,,Closing Down,Closing Down,Closing Down,,Closing Down,,,Closing Down,,,Closing Down,Closing Down,,Closing Down,,,,,,Closing Down,Closing Down,,,,,Closing Down,,Closing Down,,Closing Down,,Closing Down,,Closing Down,,,,Closing Down,Closing Down,Closing Down,,,,,Closing Down,,Closing Down,Closing Down,Closing Down
Azure Spring Apps,Basic,,,Closing Down,Closing Down,,,Closing Down,,Closing Down,Closing Down,Closing Down,Closing Down,,,Closing Down,,,Closing Down,Closing Down,,Closing Down,Closing Down,Closing Down,,Closing Down,,,Closing Down,,,Closing Down,Closing Down,,Closing Down,,,,,,Closing Down,Closing Down,,,,,Closing Down,,Closing Down,,Closing Down,,Closing Down,,Closing Down,,,,Closing Down,Closing Down,Closing Down,,,,,Closing Down,,Closing Down,Closing Down,Closing Down
Azure Spring Apps,Enterprise,,,Closing Down,Closing Down,,,Closing Down,,Closing Down,Closing Down,,Closing Down,,,Closing Down,,,,,,Closing Down,Closing Down,Closing Down,,,,,,,,Closing Down,Closing Down,,,,,,,,,Closing Down,,,,,,,Closing Down,,Closing Down,,Closing Down,,,,,,,Closing Down,Closing Down,,,,,Closing Down,,,Closing Down,Closing Down
Azure Spring Apps,Standard,,,Closing Down,Closing Down,,,Closing Down,,Closing Down,Closing Down,,Closing Down,,,Closing Down,,,Closing Down,Closing Down,,Closing Down,Closing Down,Closing Down,,,,,,,,Closing Down,Closing Down,,,,,,,,,Closing Down,,,,,,,Closing Down,,Closing Down,,Closing Down,,,,,,,Closing Down,Closing Down,,,,,Closing Down,,,Closing Down,Closing Down
Azure Spring Apps,Standard Gen2,,,Closing Down,,,,,,,,,Closing Down,,,,,,,,,Closing Down,Closing Down,Closing Down,,,,,,,,,,,,,,,,,,Closing Down,,,,,,,Closing Down,,,,,,,,,,,Closing Down,,,,,,Closing Down,,Closing Down,,Closing Down
Azure SQL Database,Offer Coverage,GA,GA,GA,GA,GA,,GA,GA,GA,GA,GA,GA,GA,GA,GA,GA,GA,GA,GA,GA,GA,GA,GA,GA,GA,GA,GA,GA,GA,GA,GA,GA,GA,GA,GA,,GA,GA,,GA,GA,GA,GA,GA,GA,GA,GA,GA,GA,GA,GA,GA,GA,GA,GA,GA,GA,GA,GA,GA,GA,GA,GA,GA,GA,GA,GA,GA,GA
Azure SQL Managed Instance,Offer Coverage,GA,GA,GA,GA,GA,,GA,GA,GA,GA,GA,GA,GA,,GA,GA,,GA,GA,,GA,GA,GA,,GA,GA,GA,GA,GA,GA,GA,GA,GA,GA,GA,,GA,GA,,GA,GA,GA,GA,GA,GA,GA,GA,GA,GA,GA,GA,GA,GA,GA,GA,GA,GA,GA,GA,GA,GA,GA,GA,GA,GA,GA,GA,GA,GA
Azure Stack,Offer Coverage,,,,,,,,,,,,,,,,,,,,,,,,,,,,,,,,,,,,,,,GA,,,,,,,,,,,,,,,,,,,,,,,,,,,,,,
Azure Stack,Azure Stack Hub Ruggedized,,,,,,,,,,,,,,,,,,,,,,GA,,,,,,,,,,,,,,,,,,,,,,,,,,GA,,,,,,,,,,,,,GA,,GA,,,,,GA,GA
Azure Stack Edge,Offer Coverage,,,GA,,,,GA,,GA,,GA,,,,,,,,,,,GA,,,GA,,,GA,,,,GA,,GA,,,,,,,,GA,GA,,,GA,,,,GA,,GA,,GA,,,,GA,GA,,GA,,GA,,GA,,,GA,
Azure Stack Edge,Azure Data Box Gateway,,,,,,,,,,,,,,,,,,,,,,,,,,,,,,,,,,,,,,,GA,,,,,,,,,,,,,,,,,,,,,,,,,,,,,,
Azure Stack Edge,Azure Stack Edge,,,GA,,,,GA,,GA,,GA,GA,,,,,,,,,GA,GA,GA,,GA,GA,,GA,,,,GA,,GA,,,,,,GA,GA,GA,,,,GA,,GA,,GA,,GA,,GA,,,,GA,GA,GA,GA,GA,GA,GA,GA,,GA,GA,
Azure Stack Edge,Azure Stack Edge Pro 2,GA,GA,GA,GA,,,,,GA,GA,,GA,,,,,,,,,GA,GA,GA,,GA,GA,GA,GA,,,,GA,GA,GA,GA,,,,,GA,GA,GA,GA,,,,,GA,,GA,,GA,GA,GA,GA,,GA,GA,GA,GA,,,,GA,GA,,GA,GA,
Azure Stack Edge,Azure Stack Edge Ruggedized,,,,,,,,,,,,GA,,,,,,,,,,GA,GA,,,,,,,,,,,,,,,,,GA,,,,,,,,GA,,,,,,,,,,,,,GA,GA,GA,,GA,,GA,GA,
Azure Storage Actions,Offer Coverage,,,,,,,,,Preview,,,,,,,,,,,,,Preview,,,Preview,,,,,,,,,,,,,,,,,,,,,,,,,,,,,,,,,,,,,,,,,,,,
Azure Storage Mover,Offer Coverage,,,,,,,,,,,,,,,,,,,,,,GA,GA,,,,,,,,,,,,,,,,,,,,,,,,,,,,,,,,,,,,,,,,,,,,,,GA
Azure Stream Analytics,Offer Coverage,GA,GA,GA,GA,GA,,GA,GA,GA,GA,GA,GA,GA,GA,GA,GA,GA,GA,GA,GA,GA,GA,GA,,GA,GA,GA,GA,,GA,GA,GA,GA,GA,GA,,,,,GA,GA,GA,GA,GA,GA,GA,,GA,GA,GA,,GA,GA,GA,GA,GA,GA,GA,GA,GA,GA,GA,GA,GA,GA,GA,GA,GA,GA
Azure Stream Analytics,Stream Analytics Dedicated,GA,GA,GA,GA,,,GA,GA,GA,GA,GA,GA,,,GA,GA,,GA,GA,GA,GA,GA,GA,,GA,GA,GA,GA,,GA,GA,GA,GA,GA,GA,,,,,GA,GA,GA,GA,GA,GA,GA,,GA,GA,GA,,GA,GA,GA,GA,GA,GA,GA,GA,GA,GA,GA,GA,GA,GA,GA,GA,GA,GA
Azure Synapse Analytics,Offer Coverage,GA,GA,GA,GA,,,GA,,GA,GA,GA,GA,,GA,GA,GA,GA,GA,GA,,GA,GA,GA,,GA,GA,,GA,GA,GA,,GA,GA,GA,GA,,,,,GA,GA,GA,,GA,GA,GA,,GA,GA,GA,,GA,,GA,GA,,,GA,GA,GA,GA,GA,GA,GA,GA,GA,GA,GA,GA
Azure Update Manager,Offer Coverage,GA,GA,GA,GA,,,GA,GA,GA,GA,GA,GA,,GA,GA,GA,GA,GA,GA,,GA,GA,GA,,GA,GA,GA,GA,,,GA,GA,GA,GA,GA,,,,,GA,GA,GA,GA,GA,GA,GA,GA,GA,GA,GA,,GA,GA,GA,GA,,GA,GA,GA,GA,GA,GA,GA,GA,GA,GA,GA,GA,GA
Azure Usage Billing,Offer Coverage,,,GA,,,,,,,,,,,,,,,,,,,GA,GA,,,,,,,,,,,,,,,,,,GA,,,,,,,GA,,GA,,,,,,,,,GA,,,,,,GA,,,GA,
Azure Virtual Desktop,Offer Coverage,,,,,,,,,,,,,,,,,,,,,,,,,,,,,,,,,,,,,,,GA,,,,,,,,,,,,,,,,,,,,,,,,,,,,,,
Azure Virtual Network Manager,Offer Coverage,GA,GA,GA,GA,,,GA,GA,GA,GA,GA,GA,,,GA,GA,,GA,GA,,GA,GA,GA,,GA,GA,GA,GA,,GA,GA,GA,GA,GA,GA,,,,,GA,GA,GA,GA,GA,GA,GA,GA,GA,GA,GA,,GA,GA,GA,GA,GA,GA,GA,GA,GA,GA,GA,GA,GA,GA,GA,GA,GA,GA
Azure VM Image Builder,Offer Coverage,,,GA,,,,GA,,GA,,GA,GA,,,,,,,GA,GA,GA,GA,GA,,GA,,,GA,GA,,GA,GA,,GA,,,,GA,,GA,GA,GA,,GA,GA,GA,,GA,,GA,GA,GA,,GA,,GA,,GA,GA,,GA,,GA,GA,GA,,GA,GA,GA
Azure VMware Solution,Offer Coverage,,,GA,GA,,,GA,,GA,GA,GA,GA,,,,,,,,,GA,GA,GA,,GA,,,GA,,,GA,GA,GA,,,,,,,GA,GA,,,,GA,GA,,GA,,GA,,GA,,GA,GA,,,GA,GA,GA,GA,,GA,,GA,,GA,GA,GA
Azure VMware Solution,Azure VMware Solution: AV36 SKU,,,Closing Down,Closing Down,,,Closing Down,,Closing Down,Closing Down,,Closing Down,,,,,,,,,Closing Down,Closing Down,Closing Down,,Closing Down,,,Closing Down,,,,Closing Down,Closing Down,,,,,,,Closing Down,Closing Down,,,,,Closing Down,,Closing Down,,Closing Down,,Closing Down,,Closing Down,Closing Down,,,,Closing Down,Closing Down,,,Closing Down,,Closing Down,,Closing Down,,
Azure VMware Solution,Azure VMware Solution: AV36P SKU,,,Closing Down,,,,,,Closing Down,,Closing Down,Closing Down,,,,,,,,,Closing Down,Closing Down,Closing Down,,,,,Closing Down,,,Closing Down,,,,,,,,,Closing Down,,,,,Closing Down,,,Closing Down,,Closing Down,,,,Closing Down,,,,Closing Down,Closing Down,,Closing Down,,,,Closing Down,,Closing Down,Closing Down,Closing Down
Azure VMware Solution,Azure VMware Solution: AV48 SKU,,,,,,,,,,,,,,,,,,,,,,,,,,,,GA,,,,GA,,GA,,,,,,,,,,,,GA,,,,,GA,GA,,,,,,GA,,,,,,,,,,,
Azure VMware Solution,Azure VMware Solution: AV52 SKU,,,,,,,,,,,,,,,,,,,,,,,Closing Down,,,,,,,,,,,,,,,,,,,,,,,,,Closing Down,,,,,,,,,,,Closing Down,,,,,,Closing Down,,,,
Azure VMware Solution,Azure VMware Solution: AV64 SKU,,,GA,,,,GA,,GA,GA,GA,GA,,,,,,,,,GA,GA,GA,,,,,GA,,,GA,GA,GA,,,,,,,GA,GA,,,,,GA,,GA,,,,GA,,GA,GA,,,,GA,GA,,,,,GA,,GA,GA,
Azure Web Application Firewall,Offer Coverage,GA,GA,GA,GA,GA,,GA,GA,GA,GA,GA,GA,GA,GA,GA,GA,GA,GA,GA,,GA,,GA,,GA,GA,GA,GA,GA,GA,,GA,GA,GA,GA,,,,,GA,GA,GA,GA,GA,GA,GA,GA,GA,GA,GA,,GA,GA,GA,GA,,GA,GA,GA,GA,GA,GA,GA,GA,GA,GA,GA,GA,GA
Azure Web Application Firewall,Azure Web Application Firewall   Regional v2 (WAF on Application Gateway v2),,GA,GA,GA,GA,GA,GA,,GA,GA,GA,GA,GA,,GA,GA,,GA,GA,GA,GA,GA,GA,,GA,GA,,GA,GA,GA,,GA,GA,GA,GA,,,,,GA,GA,GA,GA,GA,GA,GA,GA,GA,GA,GA,,GA,GA,GA,,,,GA,GA,,GA,GA,GA,,GA,GA,GA,GA,GA
Azure Web Application Firewall,Azure Web Application Firewall - Global (WAF on Azure Front Door),,,,,,,,,,,,,,,,,,,,,,,,,,,,,,,,,,,,,,,GA,,,,,,,,,,,,,,,,,,,,,,,,,,,,,,
Azure Web Application Firewall,Azure Web Application Firewall - Regional (WAF on Application Gateway),GA,GA,GA,GA,GA,GA,GA,GA,GA,GA,GA,GA,GA,GA,GA,GA,GA,GA,GA,GA,GA,,GA,GA,GA,GA,GA,GA,GA,GA,,GA,GA,GA,GA,,,,,GA,GA,GA,GA,GA,GA,GA,GA,GA,GA,GA,,GA,GA,GA,GA,GA,GA,GA,GA,GA,GA,GA,GA,GA,GA,GA,GA,GA,GA
Azure Web PubSub,Offer Coverage,,,GA,GA,,,GA,,GA,GA,GA,GA,,,GA,GA,,GA,GA,,GA,GA,GA,,GA,,,GA,,,GA,GA,GA,GA,,,,,,GA,GA,GA,,GA,GA,GA,,GA,GA,GA,GA,GA,,GA,GA,GA,,GA,GA,GA,GA,,GA,GA,GA,,GA,GA,GA
Backup,Offer Coverage,GA,GA,GA,GA,GA,,GA,GA,GA,GA,GA,GA,GA,GA,GA,GA,GA,GA,GA,,GA,GA,GA,,GA,GA,GA,GA,GA,GA,GA,GA,GA,GA,GA,,GA,GA,,GA,GA,GA,GA,GA,GA,GA,GA,GA,GA,GA,GA,GA,GA,GA,GA,GA,GA,GA,GA,GA,GA,GA,GA,GA,GA,GA,GA,GA,GA
Backup,AKS Cluster Backup,,,GA,,,,,,,,,,,,,,,,,,,GA,GA,,,,,,,,,,,,,,,,,,GA,,,,,,,GA,,GA,,GA,,,,,,,GA,,,,,,GA,,GA,GA,GA
Backup,Azure Database for PostGreSQL backup,,,GA,,,,,,,,,GA,,,,,,,,,,GA,GA,,,,,GA,,,,,,,,,,,,,GA,,,,,,,GA,,GA,,GA,,,,,,,GA,,,,,,GA,,,GA,GA
Backup,Azure Files backup,,,GA,,,,,,,,,GA,,,,,,,,,,GA,GA,,,,,GA,,,,,,,,,,,,,GA,,,,,,,GA,,GA,,GA,,,,,,,GA,,,,,,GA,,,GA,GA
Bandwidth,Offer Coverage,GA,GA,GA,GA,GA,,GA,GA,GA,GA,GA,GA,GA,,GA,GA,,GA,GA,,GA,GA,GA,,GA,GA,GA,GA,GA,GA,GA,GA,GA,GA,GA,,GA,GA,,GA,GA,GA,GA,GA,GA,GA,GA,GA,GA,GA,GA,GA,GA,GA,GA,GA,GA,GA,GA,GA,GA,GA,GA,GA,GA,GA,GA,GA,GA
Batch,Offer Coverage,GA,GA,GA,GA,GA,GA,GA,GA,GA,GA,GA,GA,GA,GA,GA,GA,GA,GA,GA,GA,GA,GA,GA,,GA,GA,,GA,GA,GA,,GA,GA,GA,GA,,,,,GA,GA,GA,,,GA,GA,GA,GA,GA,GA,,GA,,GA,GA,,,GA,GA,GA,GA,GA,GA,GA,GA,GA,GA,GA,GA
BizTalk Services,Offer Coverage,,,,,,,Closing Down,,,,,,,,,,,,,,Closing Down,Closing Down,,,,,,,,,,Closing Down,Closing Down,,,,,,,Closing Down,Closing Down,,,,,,,Closing Down,,Closing Down,,,,,,,,,,,,,,,Closing Down,,Closing Down,,
Cloud Services,Av2-Series,Closing Down,Closing Down,Closing Down,Closing Down,Closing Down,,Closing Down,Closing Down,Closing Down,Closing Down,Closing Down,Closing Down,,Closing Down,Closing Down,Closing Down,Closing Down,Closing Down,Closing Down,,Closing Down,Closing Down,Closing Down,,Closing Down,Closing Down,Closing Down,Closing Down,Closing Down,Closing Down,Closing Down,Closing Down,Closing Down,Closing Down,Closing Down,,Closing Down,Closing Down,,Closing Down,Closing Down,Closing Down,Closing Down,Closing Down,Closing Down,Closing Down,Closing Down,Closing Down,Closing Down,Closing Down,Closing Down,Closing Down,Closing Down,Closing Down,Closing Down,Closing Down,Closing Down,Closing Down,Closing Down,Closing Down,Closing Down,Closing Down,Closing Down,Closing Down,Closing Down,Closing Down,Closing Down,Closing Down,Closing Down
Cloud Services,D-Series,GA,GA,GA,GA,,,GA,GA,GA,,,GA,,GA,,,GA,,,GA,GA,GA,GA,,,GA,,,,,,GA,GA,,,,,,,GA,GA,,,,,GA,GA,GA,,GA,,,,,,,GA,GA,,,,,GA,,GA,,GA,,
Cloud Services,Dv2-Series,GA,GA,GA,GA,,,GA,GA,GA,GA,GA,GA,GA,GA,GA,GA,GA,GA,GA,GA,GA,GA,GA,,GA,GA,GA,GA,GA,GA,GA,GA,GA,GA,GA,GA,GA,GA,,GA,GA,GA,GA,GA,GA,GA,GA,GA,GA,GA,GA,GA,GA,GA,GA,GA,GA,GA,GA,GA,GA,GA,GA,GA,GA,GA,GA,GA,GA
Cloud Services,Dv3-Series,GA,GA,GA,GA,GA,,GA,GA,GA,GA,GA,GA,,GA,GA,GA,,GA,GA,,GA,GA,GA,,GA,GA,GA,GA,GA,GA,GA,GA,GA,GA,GA,,GA,GA,,GA,GA,GA,GA,GA,GA,GA,GA,GA,GA,GA,GA,GA,GA,GA,GA,GA,GA,GA,GA,GA,GA,GA,GA,GA,GA,GA,GA,GA,GA
Cloud Services,Ev3-Series,GA,GA,GA,GA,GA,,GA,GA,GA,GA,GA,GA,,GA,GA,GA,,GA,GA,,GA,GA,GA,,GA,GA,GA,GA,GA,GA,GA,GA,GA,GA,GA,,GA,GA,,GA,GA,GA,GA,GA,GA,GA,GA,GA,GA,GA,GA,GA,GA,GA,GA,GA,GA,GA,GA,GA,GA,GA,GA,GA,GA,GA,GA,GA,GA
Cloud Services,G-Series,,,GA,,,,,,GA,GA,,,,,,,,,,,,,GA,,,,,,,,,GA,,,,,,,,,GA,,,,,,,,,GA,,,,,,,,,GA,,,,GA,,GA,,GA,GA,
Cloud Services,M-Series,GA,GA,GA,GA,,,GA,GA,GA,GA,GA,GA,,,GA,GA,,GA,GA,,GA,GA,GA,,GA,,GA,GA,,,GA,GA,GA,GA,GA,,GA,,,GA,GA,GA,,GA,GA,GA,GA,GA,GA,GA,,GA,,GA,GA,,GA,GA,GA,GA,GA,,GA,,GA,,GA,GA,GA
Cloud Services Extended Support,Offer Coverage,Closing Down,Closing Down,Closing Down,Closing Down,Closing Down,,Closing Down,Closing Down,Closing Down,Closing Down,Closing Down,Closing Down,Closing Down,,Closing Down,Closing Down,Closing Down,Closing Down,Closing Down,,Closing Down,Closing Down,Closing Down,,Closing Down,Closing Down,Closing Down,Closing Down,Closing Down,Closing Down,Closing Down,Closing Down,Closing Down,Closing Down,Closing Down,,Closing Down,Closing Down,,Closing Down,Closing Down,Closing Down,Closing Down,Closing Down,Closing Down,Closing Down,Closing Down,Closing Down,Closing Down,Closing Down,Closing Down,Closing Down,Closing Down,Closing Down,Closing Down,Closing Down,Closing Down,Closing Down,Closing Down,Closing Down,Closing Down,,Closing Down,Closing Down,Closing Down,Closing Down,Closing Down,Closing Down,Closing Down
Cloud Shell,Offer Coverage,,,,,,,,,,,,,,,,,,,,,,,,,,,,,,,,,,,,,,,GA,,,,,,,,,,,,,,,,,,,,,,,,,,,,,,
Container Instances,Offer Coverage,GA,GA,GA,GA,GA,GA,GA,GA,GA,GA,GA,GA,GA,,GA,GA,,,GA,GA,GA,GA,GA,,GA,GA,GA,GA,GA,GA,GA,GA,GA,GA,GA,,GA,GA,,GA,GA,GA,GA,GA,GA,GA,GA,GA,GA,GA,GA,GA,GA,GA,GA,GA,GA,GA,GA,GA,GA,GA,GA,GA,GA,GA,GA,GA,GA
Container Registry,Offer Coverage,GA,GA,GA,GA,GA,GA,GA,GA,GA,GA,GA,GA,GA,GA,GA,GA,GA,GA,GA,GA,GA,GA,GA,,GA,GA,GA,GA,GA,GA,GA,GA,GA,GA,GA,GA,GA,,,GA,GA,GA,GA,GA,GA,GA,GA,GA,GA,GA,GA,GA,GA,GA,GA,GA,GA,GA,GA,GA,GA,GA,GA,GA,GA,,GA,GA,GA
Content Delivery Network,Offer Coverage,,,,,,,,,,,,,,,,,,,,,,,,,,,,,,,,,,,,,,,GA,,,,,,,,,,,,,,,,,,,,,,,,,,,,,,
Cost Management,Offer Coverage,,,,,,,,,,,,,,,,,,,,,,,,,,,,,,,,,,,,,,,GA,,,,,,,,,,,,,,,,,,,,,,,,,,,,,,
Customer Lockbox for Microsoft Azure,Offer Coverage,,,,,,,,,,,,,,,,,,,,,,,,,,,,,,,,,,,,,,,GA,,,,,,,,,,,,,,,,,,,,,,,,,,,,,,
Data Factory,Offer Coverage,,,GA,GA,GA,,GA,,GA,GA,GA,GA,GA,,GA,GA,,GA,GA,GA,GA,GA,GA,,GA,,,GA,GA,GA,GA,GA,GA,GA,,GA,GA,GA,,GA,GA,GA,,,GA,GA,,GA,GA,GA,,GA,,GA,GA,GA,,GA,GA,GA,GA,GA,GA,GA,GA,,GA,GA,GA
Defender TI,Offer Coverage,,,,,,,,,,,,,,,,,,,,,,,,,,,,,,,,,,,,,,,,,,,,,,,,,,Closing Down,,,,,,,,,Closing Down,,,,,,,,,,
Device Update for IoT Hub,Offer Coverage,,,GA,,,,,,,,,,,,,,,,,,,GA,GA,,,,,,,,,,,,,,,,,,GA,,,,,,,GA,,GA,,GA,,,,,,,GA,,,,,,GA,,,GA,GA
Event Grid,Offer Coverage,GA,GA,GA,GA,GA,,GA,GA,GA,GA,GA,GA,GA,GA,GA,GA,GA,GA,GA,GA,GA,GA,GA,GA,GA,GA,GA,GA,GA,,,GA,GA,GA,GA,,,,,GA,GA,GA,GA,,GA,GA,GA,GA,GA,GA,,GA,GA,GA,GA,GA,GA,GA,GA,GA,GA,GA,GA,GA,GA,GA,GA,GA,GA
Event Grid,Event Grid Namespace,,,GA,GA,,,GA,GA,GA,GA,GA,GA,,,,,,,,,GA,GA,GA,,GA,,,GA,GA,GA,GA,GA,GA,GA,GA,,,,,GA,GA,GA,,GA,,,GA,GA,GA,GA,,GA,,GA,,GA,,GA,GA,GA,,,,,GA,,,GA,GA
Event Hubs,Offer Coverage,GA,GA,GA,GA,GA,,GA,GA,GA,GA,GA,GA,GA,GA,GA,GA,GA,GA,GA,,GA,GA,GA,,GA,GA,GA,GA,GA,GA,GA,GA,GA,GA,GA,,GA,,,GA,GA,GA,GA,GA,GA,GA,GA,GA,GA,GA,GA,GA,GA,GA,GA,,GA,GA,GA,GA,GA,GA,GA,GA,GA,GA,GA,GA,GA
Event Hubs,Azure Event Hubs Premium SKU,GA,,GA,GA,,,GA,,GA,GA,GA,GA,,,,,,,GA,GA,GA,GA,GA,,GA,,,GA,GA,,GA,GA,GA,GA,GA,,,,,GA,GA,GA,GA,GA,GA,GA,,GA,GA,GA,GA,GA,,GA,GA,,,GA,GA,GA,GA,,GA,GA,GA,,GA,GA,GA
ExpressRoute,Offer Coverage,GA,GA,GA,GA,GA,GA,GA,GA,GA,GA,GA,GA,GA,GA,GA,GA,GA,GA,GA,,GA,GA,GA,,GA,GA,GA,GA,GA,GA,GA,GA,GA,GA,GA,,GA,GA,,GA,GA,GA,GA,GA,GA,GA,GA,GA,GA,GA,GA,GA,GA,GA,GA,GA,GA,GA,GA,GA,GA,GA,GA,GA,GA,GA,GA,GA,GA
ExpressRoute,ExpressRoute Gateways,GA,GA,GA,GA,GA,,GA,GA,GA,GA,GA,GA,GA,GA,GA,GA,GA,GA,GA,GA,GA,GA,GA,,GA,GA,GA,GA,GA,GA,GA,GA,GA,GA,GA,,GA,GA,,GA,GA,GA,GA,GA,GA,GA,GA,GA,GA,GA,GA,GA,GA,GA,GA,GA,GA,GA,GA,GA,GA,GA,GA,GA,GA,GA,GA,GA,GA
Firmware Analysis,Offer Coverage,,,,,,,,,,,,,,,,,,,,,,GA,,,,,,,,,,,,,,,,,,,,,,,,,,,,,,,,,,,,,,,,,,,GA,,,,
Fluid Relay Service,Offer Coverage,,,GA,,,,GA,,GA,,GA,GA,,,,,,,GA,,GA,GA,GA,,GA,,,GA,,,GA,GA,,GA,,,,,,,GA,GA,,GA,,GA,,GA,,GA,,GA,,GA,,,,GA,GA,,GA,,GA,,GA,,,GA,GA
Functions,Offer Coverage,GA,GA,GA,GA,,,GA,GA,GA,GA,GA,GA,,,GA,GA,GA,GA,GA,GA,GA,GA,GA,,GA,GA,GA,GA,GA,GA,GA,GA,GA,GA,GA,,GA,GA,,GA,GA,GA,GA,GA,GA,GA,,GA,GA,GA,GA,GA,GA,GA,GA,GA,GA,GA,GA,GA,GA,GA,GA,GA,GA,GA,GA,GA,GA
Functions,Azure Functions on Azure Container Apps,,,GA,,,,GA,,GA,GA,GA,GA,,,,,,,GA,,GA,GA,GA,,GA,,,GA,,,,GA,,GA,,,,,,GA,GA,GA,,,,GA,,GA,,GA,,GA,,GA,,,,GA,GA,GA,,,,GA,GA,,GA,GA,GA
Functions,Consumption Plan,GA,GA,GA,GA,,,GA,GA,GA,GA,GA,GA,,,GA,GA,GA,GA,GA,,GA,GA,GA,,GA,GA,GA,GA,GA,GA,GA,GA,GA,GA,GA,,GA,GA,,GA,GA,GA,GA,GA,GA,GA,,GA,GA,GA,GA,GA,GA,GA,GA,GA,GA,GA,GA,GA,GA,GA,GA,GA,GA,GA,GA,GA,GA
Functions,Consumption Plan Linux,,,Closing Down,Closing Down,,,Closing Down,,Closing Down,Closing Down,Closing Down,Closing Down,,,,,,,,,Closing Down,Closing Down,Closing Down,,Closing Down,,,Closing Down,,,,Closing Down,Closing Down,Closing Down,,,,,,Closing Down,Closing Down,Closing Down,,,,Closing Down,,Closing Down,Closing Down,Closing Down,,Closing Down,,Closing Down,,,,Closing Down,Closing Down,Closing Down,Closing Down,,Closing Down,Closing Down,Closing Down,,Closing Down,Closing Down,Closing Down
Functions,Dedicated Plan,GA,GA,GA,GA,,,GA,GA,GA,GA,GA,GA,GA,GA,GA,GA,GA,GA,GA,GA,GA,GA,GA,,GA,GA,,GA,GA,GA,GA,GA,GA,GA,GA,GA,GA,GA,,GA,GA,GA,GA,,GA,GA,GA,GA,GA,GA,GA,GA,GA,GA,GA,GA,GA,GA,GA,GA,GA,GA,GA,GA,GA,GA,GA,GA,GA
Functions,Dedicated Plan Linux,GA,GA,GA,GA,,,GA,GA,GA,GA,GA,GA,,,GA,GA,,GA,GA,GA,GA,GA,GA,,GA,GA,GA,GA,GA,GA,GA,GA,GA,GA,GA,GA,GA,GA,,GA,GA,GA,GA,GA,GA,GA,GA,GA,GA,GA,GA,GA,GA,GA,GA,GA,GA,GA,GA,GA,GA,GA,GA,GA,GA,GA,GA,GA,GA
Functions,Flex Consumption,,,GA,GA,,,GA,,GA,GA,GA,GA,,,,,,,,,GA,GA,GA,,GA,GA,,GA,GA,GA,GA,GA,GA,GA,,GA,GA,GA,,GA,GA,GA,,GA,,GA,,GA,GA,GA,GA,GA,,GA,GA,GA,,GA,GA,GA,,,,GA,GA,,GA,GA,GA
Functions,Premium Plan,GA,GA,GA,GA,,,GA,,GA,GA,GA,GA,,,GA,GA,,GA,GA,GA,GA,GA,GA,,GA,GA,GA,GA,GA,GA,GA,GA,GA,GA,GA,,GA,GA,,GA,GA,GA,GA,GA,GA,GA,GA,GA,GA,GA,GA,GA,GA,GA,GA,GA,GA,GA,GA,GA,GA,GA,GA,GA,GA,GA,GA,GA,GA
Functions,Premium Plan Linux,GA,,GA,GA,,,GA,,GA,GA,GA,GA,,,GA,GA,,GA,GA,GA,GA,GA,GA,,GA,GA,GA,GA,GA,GA,GA,GA,GA,GA,GA,,GA,GA,,GA,GA,GA,GA,GA,GA,GA,GA,GA,GA,GA,GA,GA,GA,GA,GA,GA,GA,GA,GA,GA,GA,,GA,GA,GA,GA,GA,GA,GA
HDInsight,Offer Coverage,GA,,GA,GA,,,GA,GA,GA,GA,GA,GA,,GA,GA,GA,GA,GA,GA,,GA,GA,GA,,GA,,GA,GA,,GA,GA,GA,GA,GA,GA,,,,,GA,GA,GA,,GA,GA,GA,,GA,GA,GA,,GA,GA,GA,GA,,GA,GA,GA,GA,GA,GA,GA,GA,GA,,GA,GA,GA
HDInsight,Enterprise Security Package,Closing Down,,Closing Down,Closing Down,,,Closing Down,Closing Down,Closing Down,Closing Down,Closing Down,Closing Down,,Closing Down,Closing Down,Closing Down,Closing Down,Closing Down,Closing Down,,Closing Down,Closing Down,Closing Down,,Closing Down,,Closing Down,Closing Down,,,,Closing Down,Closing Down,Closing Down,Closing Down,,,,,Closing Down,Closing Down,Closing Down,,Closing Down,Closing Down,Closing Down,,Closing Down,Closing Down,Closing Down,,Closing Down,Closing Down,Closing Down,Closing Down,,Closing Down,Closing Down,Closing Down,Closing Down,Closing Down,Closing Down,Closing Down,Closing Down,Closing Down,,Closing Down,Closing Down,Closing Down
Healthcare Agent Service,Offer Coverage,,,GA,,,,,,,,GA,,,,,,,,,,,GA,GA,,,,,,,,,,,,,,,,,,GA,,,,,,,GA,,GA,,,,,,,,,GA,,,,,GA,GA,,,GA,
IoT Central,Offer Coverage,,,GA,,,,,,GA,,,GA,,,,,,,,,,GA,GA,,,,,,,,,GA,,,,,,,,,GA,,,,,,,GA,,GA,,,,,,,,,GA,,,,,,GA,,GA,,
IoT Hub,Offer Coverage,GA,GA,GA,GA,,,GA,,GA,GA,GA,GA,,GA,GA,GA,GA,GA,GA,,GA,GA,GA,,GA,GA,GA,GA,,,,GA,GA,GA,GA,,,,,GA,GA,GA,GA,,GA,GA,GA,GA,GA,GA,,,,GA,GA,,GA,GA,GA,GA,GA,GA,GA,GA,GA,,GA,GA,GA
IoT Hub,IoT Hub Device Provisioning Service,GA,GA,GA,GA,,,GA,,GA,GA,GA,GA,,,GA,,,GA,,GA,GA,GA,GA,,GA,GA,,GA,,,,GA,GA,GA,GA,,,,,GA,GA,,,,,,,GA,GA,GA,,,,,,,GA,GA,GA,GA,GA,,GA,GA,GA,,GA,GA,GA
IP Services,Offer Coverage,GA,GA,GA,GA,GA,,GA,GA,GA,GA,GA,GA,GA,GA,GA,GA,GA,GA,GA,,GA,GA,GA,,GA,GA,GA,GA,GA,GA,GA,GA,GA,GA,GA,,GA,GA,,GA,GA,GA,GA,GA,GA,GA,GA,GA,GA,GA,GA,GA,GA,GA,GA,GA,GA,GA,GA,GA,GA,GA,GA,GA,GA,GA,GA,GA,GA
IP Services,Azure Custom IP Prefix,,GA,GA,GA,GA,,GA,,GA,,GA,GA,GA,,,,,,,,GA,GA,GA,,GA,,,,,GA,GA,GA,,GA,,GA,GA,GA,,GA,GA,GA,GA,GA,GA,GA,,GA,GA,GA,GA,GA,,GA,,GA,,GA,GA,GA,GA,,GA,,GA,,GA,GA,GA
IP Services,Azure Public IP Address Basic,GA,GA,GA,GA,GA,,GA,GA,GA,GA,GA,GA,GA,GA,GA,GA,GA,GA,GA,,GA,GA,GA,,GA,GA,GA,GA,GA,GA,GA,GA,GA,GA,GA,,GA,GA,,GA,GA,GA,GA,GA,GA,GA,GA,GA,GA,GA,GA,GA,GA,GA,GA,GA,GA,GA,GA,GA,GA,GA,GA,GA,GA,GA,GA,GA,GA
IP Services,Azure Public IP Address Standard,GA,GA,GA,GA,GA,,GA,GA,GA,GA,GA,GA,GA,GA,GA,GA,GA,GA,GA,GA,GA,GA,GA,,GA,GA,GA,GA,GA,GA,GA,GA,GA,GA,GA,,GA,GA,,GA,GA,GA,GA,GA,GA,GA,GA,GA,GA,GA,GA,GA,GA,GA,GA,GA,GA,GA,GA,GA,GA,GA,GA,GA,GA,GA,GA,GA,GA
IP Services,Azure Public IP Prefix,GA,GA,GA,GA,GA,,GA,GA,GA,GA,GA,GA,GA,GA,GA,GA,GA,GA,GA,GA,GA,GA,GA,,GA,GA,GA,GA,GA,GA,GA,GA,GA,GA,GA,,GA,GA,,GA,GA,GA,GA,GA,GA,GA,GA,GA,GA,GA,GA,GA,GA,GA,GA,GA,GA,GA,GA,GA,GA,GA,GA,GA,GA,GA,GA,GA,GA
Key Vault,Offer Coverage,GA,GA,GA,GA,GA,,GA,GA,GA,GA,GA,GA,GA,GA,GA,GA,GA,GA,GA,GA,GA,GA,GA,GA,GA,GA,GA,GA,GA,GA,GA,GA,GA,GA,GA,,GA,GA,,GA,GA,GA,GA,GA,GA,GA,GA,GA,GA,GA,GA,GA,GA,GA,GA,GA,GA,GA,GA,GA,GA,GA,GA,GA,GA,GA,GA,GA,GA
Key Vault,Azure Key Vault Managed HSM,GA,GA,GA,GA,GA,GA,GA,GA,GA,GA,GA,GA,GA,,GA,GA,,GA,GA,GA,GA,GA,GA,,GA,GA,GA,GA,GA,GA,GA,GA,GA,GA,GA,GA,GA,GA,,GA,GA,GA,GA,GA,GA,GA,GA,GA,GA,GA,GA,GA,GA,GA,GA,GA,GA,GA,GA,GA,GA,GA,GA,GA,GA,GA,GA,GA,GA
Key Vault,Premium,GA,GA,GA,GA,GA,,GA,GA,GA,GA,GA,GA,GA,,,,,,,GA,GA,GA,GA,GA,GA,GA,GA,GA,GA,GA,GA,GA,GA,GA,GA,,GA,GA,,GA,GA,GA,GA,GA,GA,GA,GA,GA,GA,GA,GA,GA,GA,GA,GA,GA,GA,GA,GA,GA,GA,GA,GA,GA,GA,GA,GA,GA,GA
Logic Apps,Offer Coverage,,,GA,GA,,,GA,GA,GA,GA,GA,GA,,GA,GA,,GA,GA,GA,GA,GA,GA,GA,,GA,GA,GA,GA,GA,,GA,GA,GA,GA,GA,,GA,GA,,GA,GA,GA,GA,GA,GA,GA,GA,GA,GA,GA,,GA,,GA,GA,GA,GA,GA,GA,GA,GA,GA,GA,GA,GA,GA,GA,GA,GA
Logic Apps,Azure Logic Apps Standard,,,GA,,,,,,,,,GA,,,,,,,,,,GA,GA,,,,,GA,GA,,GA,,,,,,GA,GA,,,GA,,,,,,,GA,,GA,,GA,,,,GA,,,GA,,,,,,GA,,,GA,GA
Logic Apps,Logic Apps Hybrid,,,,,,,,,,,,Preview,,,,,,,,,Preview,Preview,,,,,,,,,,,,,,,,,,Preview,,,,,,,,,,Preview,,Preview,,,,,,,Preview,,,,,,Preview,,Preview,,
Logic Apps,Logic Apps Integration Service Environment,,,GA,GA,,,GA,,GA,,GA,GA,,,,,,,,,GA,GA,GA,,GA,,,,,,,GA,GA,,,,,,,GA,GA,GA,,,,GA,,GA,GA,GA,,,,,GA,,,GA,GA,GA,,GA,GA,,GA,,GA,GA,
Managed DevOps Pools,Offer Coverage,,,GA,,,,GA,,GA,,GA,GA,,,,,,,,,GA,GA,GA,,,,,GA,,,GA,GA,,GA,,,,,,GA,GA,GA,,,,,,GA,,GA,,GA,,GA,,,,GA,GA,GA,,,,,GA,,GA,GA,GA
Microsoft Azure Attestation,Offer Coverage,,,GA,GA,,,,,GA,GA,GA,GA,GA,,,,,,,,,GA,GA,,GA,,,,,GA,GA,GA,GA,GA,,,,GA,,GA,GA,,,GA,,,,GA,,GA,,GA,,GA,,,,GA,GA,GA,GA,,GA,,GA,,GA,,GA
Microsoft Azure classic portal,Offer Coverage,,,,,,,,,,,,,,,,,,,,,,,,,,,,,,,,,,,,,,,Closing Down,,,,,,,,,,,,,,,,,,,,,,,,,,,,,,
Microsoft Azure Managed Instance for Apache Cassandra,Offer Coverage,GA,,GA,GA,,,GA,GA,GA,GA,GA,GA,,,,,,,,,GA,GA,GA,,GA,,GA,GA,,,GA,GA,GA,GA,GA,,,,,GA,GA,GA,GA,,,GA,GA,GA,GA,GA,,GA,GA,GA,GA,,GA,GA,GA,GA,,,,GA,GA,GA,GA,GA,GA
Microsoft Azure Peering Service,Offer Coverage,,,,,,,,,,,,,,,,,,,,,,,,,,,,,,,,,,,,,,,GA,,,,,,,,,,,,,,,,,,,,,,,,,,,,,,
Microsoft Azure portal,Offer Coverage,,,,,,,,,,,,,,,,,,,,,,,,,,,,,,,,,,,,,,,GA,,,,,,,,,,,,,,,,,,,,,,,,,,,,,,
Microsoft Defender for Cloud,Offer Coverage,,,,,,,,,,,,,,,,,,,,,,,,,,,,,,,,,,,,,,,GA,,,,,,,,,,,,,,,,,,,,,,,,,,,,,,
Microsoft Defender for Cloud,Azure Defender for SQL,GA,GA,GA,GA,,,GA,GA,GA,GA,GA,GA,,GA,GA,GA,GA,GA,GA,,GA,GA,GA,,GA,GA,GA,GA,,GA,GA,GA,GA,GA,GA,,,,,GA,GA,GA,GA,GA,GA,GA,GA,GA,GA,GA,GA,GA,GA,GA,GA,,GA,GA,GA,GA,GA,GA,GA,GA,GA,GA,GA,GA,GA
Microsoft Defender for Cloud Apps,Offer Coverage,,,,,,,,,,,,,,,,,,,,,,,,,,,,,,,,,,,,,,,GA,,,,,,,,,,,,,,,,,,,,,,,,,,,,,,
Microsoft Defender for DevOps,Offer Coverage,,,Closing Down,,,,,,,,,Closing Down,,,,,,,,,,,,,,,,,,,,,,,,,,,,,,,,,,,,,,,,,,,,,,,Closing Down,,,,,,Closing Down,,,,
Microsoft Defender for Identity,Offer Coverage,,,,,,,,,,,,,,,,,,,,,,,,,,,,,,,,,,,,,,,GA,,,,,,,,,,,,,,,,,,,,,,,,,,,,,,
Microsoft Dev Box,Offer Coverage,,,GA,,,,GA,,GA,,GA,GA,,,,,,,,,GA,GA,GA,,GA,,,GA,,,GA,GA,,GA,,,,,,,GA,,,,,GA,,GA,,GA,GA,GA,,GA,,,,,GA,,,,,,GA,,,GA,GA
Microsoft Entra Domain Services,Offer Coverage,,,GA,GA,,,GA,,GA,GA,GA,GA,,,GA,,,GA,GA,,GA,GA,GA,,GA,,GA,GA,,,GA,GA,GA,GA,GA,,,,,GA,GA,GA,,GA,GA,GA,,GA,GA,GA,GA,GA,,GA,GA,,,GA,GA,GA,GA,GA,GA,GA,GA,GA,GA,GA,GA
Microsoft Entra ID,Offer Coverage,,,,,,,,,,,,,,,,,,,,,,,,,,,,,,,,,,,,,,,GA,,,,,,,,,,,,,,,,,,,,,,,,,,,,,,
Microsoft Entra ID,Free,,,,,,,,,,,,,,,,,,,,,,,,,,,,,,,,,,,,,,,GA,,,,,,,,,,,,,,,,,,,,,,,,,,,,,,
Microsoft Entra ID,Premium P1,,,,,,,,,,,,,,,,,,,,,,,,,,,,,,,,,,,,,,,GA,,,,,,,,,,,,,,,,,,,,,,,,,,,,,,
Microsoft Entra ID,Premium P2,,,,,,,,,,,,,,,,,,,,,,,,,,,,,,,,,,,,,,,GA,,,,,,,,,,,,,,,,,,,,,,,,,,,,,,
Microsoft Fabric,Offer Coverage,,,GA,GA,,,GA,,GA,GA,GA,GA,,,,,,,,,GA,GA,GA,,GA,,,GA,,GA,GA,GA,GA,GA,,,GA,,,GA,GA,GA,,GA,,GA,,GA,GA,GA,GA,GA,,GA,GA,,,GA,GA,GA,,,,GA,GA,,GA,GA,GA
Microsoft Foundry,Offer Coverage,,,GA,,,,GA,,GA,GA,GA,GA,,,GA,,GA,,GA,,GA,GA,GA,,GA,,,GA,,,GA,GA,GA,GA,,,,,,GA,GA,GA,,GA,GA,GA,,GA,GA,GA,GA,GA,,GA,GA,,,GA,GA,,GA,,GA,GA,GA,,GA,GA,GA
Microsoft Foundry,Azure AI Anomaly Detector,,,Closing Down,,,,Closing Down,Closing Down,Closing Down,,Closing Down,Closing Down,,,Closing Down,,Closing Down,,,,Closing Down,Closing Down,Closing Down,,Closing Down,,,Closing Down,,,,Closing Down,Closing Down,Closing Down,,,,,,Closing Down,Closing Down,Closing Down,,,Closing Down,Closing Down,,Closing Down,,Closing Down,,Closing Down,,Closing Down,,,,Closing Down,Closing Down,Closing Down,Closing Down,,Closing Down,Closing Down,Closing Down,,Closing Down,Closing Down,Closing Down
Microsoft Foundry,Azure AI Content Moderator,,,Closing Down,,,Closing Down,Closing Down,,Closing Down,,Closing Down,Closing Down,,,Closing Down,,Closing Down,,,,Closing Down,Closing Down,Closing Down,,Closing Down,,,Closing Down,Closing Down,,,Closing Down,Closing Down,Closing Down,,,,,,Closing Down,Closing Down,Closing Down,,,Closing Down,Closing Down,,Closing Down,,Closing Down,,Closing Down,,Closing Down,Closing Down,,,Closing Down,Closing Down,,Closing Down,,Closing Down,Closing Down,,,Closing Down,Closing Down,Closing Down
Microsoft Foundry,Azure AI Immersive Reader,,,GA,,,,GA,,GA,,GA,GA,,,,,,,,,GA,GA,GA,,GA,,,GA,,,,GA,GA,GA,,,,,,GA,GA,GA,,,,GA,,GA,,GA,,GA,,GA,GA,,,GA,GA,,,,,GA,GA,,GA,GA,GA
Microsoft Foundry,Azure AI Metrics Advisor,,,Closing Down,,,,Closing Down,,Closing Down,,Closing Down,Closing Down,,,Closing Down,,,,,,Closing Down,Closing Down,Closing Down,,Closing Down,,,Closing Down,,,,Closing Down,,Closing Down,,,,,,Closing Down,Closing Down,,,,,,,Closing Down,,Closing Down,,Closing Down,,,Closing Down,,,Closing Down,Closing Down,,,,,,Closing Down,,Closing Down,Closing Down,Closing Down
Microsoft Foundry,Azure Custom Vision,,,Closing Down,,,,,,,,Closing Down,,,,,,,,,,,Closing Down,Closing Down,,,,,Closing Down,,,,Closing Down,,,,,,,,Closing Down,Closing Down,,,,,,,Closing Down,,Closing Down,,Closing Down,,,,,,,Closing Down,,,,Closing Down,,Closing Down,,,Closing Down,
Microsoft Foundry,Azure Document Intelligence,,,GA,,GA,,GA,,GA,,GA,GA,,,GA,,,GA,GA,,GA,GA,GA,,GA,,,GA,,,,GA,GA,GA,,,,,,GA,GA,GA,,,GA,GA,,GA,,GA,,GA,,GA,GA,,,GA,GA,,GA,,GA,GA,GA,,GA,GA,GA
Microsoft Foundry,Azure Language,,,GA,,GA,,GA,,GA,GA,GA,GA,,,GA,,GA,GA,GA,,GA,GA,GA,,GA,,,GA,,,GA,GA,GA,GA,,,,,,GA,GA,GA,,,GA,GA,,GA,,GA,,GA,,GA,GA,,,GA,GA,,GA,GA,GA,GA,GA,,GA,GA,GA
Microsoft Foundry,Azure Machine Learning,,,GA,GA,,,GA,,GA,GA,GA,GA,,,GA,GA,,,GA,,GA,GA,GA,,GA,,,GA,,GA,GA,GA,GA,GA,,,,,,GA,GA,GA,,GA,GA,GA,,GA,GA,GA,GA,GA,,GA,GA,GA,,GA,GA,GA,,,GA,GA,GA,,GA,GA,GA
Microsoft Foundry,Azure Speech,,,GA,,,,GA,,GA,GA,GA,GA,,,GA,,,GA,GA,,GA,GA,GA,,GA,,,GA,,,GA,GA,GA,GA,,,,,,GA,GA,GA,,,GA,GA,,GA,,GA,,GA,,GA,GA,,,GA,GA,GA,GA,GA,GA,GA,GA,,GA,GA,GA
Microsoft Foundry,Azure Translator,,,,,,,,,,,,,,,,,,,,,,,,,,,,,,,,,,,,,,,GA,,,,,,,,,,,,,,,,,,,,,,,,,,,,,,
Microsoft Foundry,Azure Vision,,,GA,,,,GA,,GA,GA,GA,GA,,GA,,,GA,GA,GA,,GA,GA,GA,,GA,,,GA,,,GA,GA,GA,GA,,,,,,GA,GA,GA,,,GA,GA,,GA,,GA,,GA,,GA,GA,,,GA,GA,,GA,,GA,GA,GA,,GA,GA,GA
Microsoft Foundry,Azure Vision - Face,,,GA,,,,GA,,GA,,GA,GA,,,,,,,,,GA,GA,GA,,GA,,,GA,,,GA,GA,GA,GA,,,,,,,GA,GA,,,GA,GA,,GA,,GA,,GA,,GA,GA,,,GA,GA,GA,GA,,GA,GA,GA,,GA,GA,GA
Microsoft Foundry,Bing Autosuggest,,,,,,,,,,,,,,,,,,,,,,,,,,,,,,,,,,,,,,,Closing Down,,,,,,,,,,,,,,,,,,,,,,,,,,,,,,
Microsoft Foundry,Bing Custom Search,,,,,,,,,,,,,,,,,,,,,,,,,,,,,,,,,,,,,,,Closing Down,,,,,,,,,,,,,,,,,,,,,,,,,,,,,,
Microsoft Foundry,Bing Visual Search,,,,,,,,,,,,,,,,,,,,,,,,,,,,,,,,,,,,,,,Closing Down,,,,,,,,,,,,,,,,,,,,,,,,,,,,,,
Microsoft Foundry,Bing Web Search,,,,,,,,,,,,,,,,,,,,,,,,,,,,,,,,,,,,,,,Closing Down,,,,,,,,,,,,,,,,,,,,,,,,,,,,,,
Microsoft Foundry,Content Safety,,,GA,,,,,,,GA,,GA,,,,,,,,,,GA,GA,,GA,,,GA,,,GA,GA,,GA,,,,,,GA,,,,GA,,,,GA,GA,,,GA,,GA,GA,,,GA,GA,,GA,,GA,,GA,,GA,GA,GA
Microsoft Foundry,Content Understanding,,,Preview,,,,,,Preview,,,,,,,,,,,,,Preview,Preview,,,,,,,,,Preview,,,,,,,,,Preview,,,,,,,Preview,,Preview,,Preview,,,,,,,Preview,,,,,,Preview,,Preview,Preview,Preview
Microsoft Foundry,Foundry Agent Service,,,GA,,,,GA,,GA,GA,,,,,,,,,,,,GA,GA,,GA,,,GA,,,GA,GA,,GA,,,,,,GA,,GA,,GA,,GA,,GA,GA,GA,GA,GA,,GA,,,,GA,GA,,,,,,,,GA,,GA
Microsoft Foundry,Foundry Models,,,GA,,,,GA,,GA,GA,,GA,,,,,,,,,,GA,GA,,GA,,,GA,,,GA,GA,,GA,,,,,,GA,,GA,,GA,,GA,,GA,GA,GA,GA,GA,,GA,GA,,,GA,GA,,GA,,GA,,GA,,GA,,GA
Microsoft Foundry,Immersive Reader,,,GA,,,,GA,,GA,,GA,GA,,,,,,,,,GA,GA,GA,,GA,,,GA,,,,GA,GA,GA,,,,,,GA,GA,GA,,,,GA,,GA,,GA,,GA,,GA,GA,,,GA,GA,,,,,GA,GA,,GA,GA,GA
Microsoft Foundry,Ink Recognizer,,,,,,,,,,,,,,,,,,,,,,,,,,,,,,,,,,,,,,,Closing Down,,,,,,,,,,,,,,,,,,,,,,,,,,,,,,
Microsoft Foundry,Observability,,,GA,,,,GA,,GA,GA,,,,,,,,,,,GA,GA,GA,,GA,,,GA,,,GA,GA,GA,GA,,,,,,GA,GA,GA,,,GA,GA,,GA,GA,GA,GA,GA,,GA,GA,,,GA,,GA,,,,GA,GA,,GA,GA,GA
Microsoft Foundry,Personalizer,,,Closing Down,,,,Closing Down,,Closing Down,,Closing Down,Closing Down,,,,,,,,,Closing Down,Closing Down,Closing Down,,Closing Down,,,Closing Down,Closing Down,,,Closing Down,Closing Down,Closing Down,,,,,,Closing Down,Closing Down,Closing Down,,,Closing Down,,,Closing Down,,Closing Down,,Closing Down,,Closing Down,Closing Down,,,Closing Down,Closing Down,,Closing Down,,Closing Down,Closing Down,Closing Down,,Closing Down,Closing Down,Closing Down
Microsoft Foundry,Translator Speech,,,,,,,,,,,,,,,,,,,,,,,,,,,,,,,,,,,,,,,Closing Down,,,,,,,,,,,,,,,,,,,,,,,,,,,,,,
Microsoft Graph,Offer Coverage,,,,,,,,,,,,,,,,,,,,,,,,,,,,,,,,,,,,,,,GA,,,,,,,,,,,,,,,,,,,,,,,,,,,,,,
Microsoft Planetary Computer Pro,Offer Coverage,,,,,,,,,Preview,,,,,,,,,,,,,Preview,,,,,,,,,,,,,,,,,,Preview,,,,,,,,,,,,,,,,,,,Preview,,,,Preview,,Preview,,,,
Microsoft Sentinel,Offer Coverage,GA,GA,GA,GA,,,GA,GA,GA,,GA,GA,,,GA,,,,GA,,GA,GA,GA,,GA,GA,,GA,,GA,GA,GA,GA,GA,GA,,,,,GA,GA,GA,GA,,GA,GA,,GA,,GA,,GA,GA,GA,GA,,GA,GA,GA,GA,GA,,GA,GA,GA,,GA,GA,GA
Multi-Factor Authentication,Offer Coverage,,,,,,,,,,,,,,,,,,,,,,,,,,,,,,,,,,,,,,,Closing Down,,,,,,,,,,,,,,,,,,,,,,,,,,,,,,
Network security perimeter,Offer Coverage,GA,GA,GA,GA,,,GA,GA,GA,GA,GA,GA,GA,,,,,,,,GA,GA,GA,,GA,GA,GA,GA,GA,GA,GA,GA,GA,GA,GA,GA,GA,GA,,GA,GA,GA,GA,GA,GA,GA,GA,GA,GA,GA,GA,GA,GA,GA,GA,GA,GA,GA,GA,GA,,,,GA,GA,GA,GA,GA,GA
Network Watcher,Offer Coverage,GA,,GA,GA,,,GA,GA,GA,GA,GA,GA,,GA,GA,GA,GA,GA,GA,,GA,GA,GA,,GA,GA,GA,GA,,,,GA,GA,GA,GA,,,,,GA,GA,GA,GA,,GA,GA,GA,GA,GA,GA,,GA,,GA,GA,GA,,GA,GA,GA,GA,GA,GA,GA,GA,GA,GA,GA,GA
Network Watcher,Traffic Analytics,GA,,GA,GA,,,GA,,GA,GA,GA,GA,,,GA,GA,,GA,GA,GA,GA,GA,GA,,GA,,,GA,GA,,GA,GA,GA,GA,GA,,,,,GA,GA,GA,,GA,GA,GA,,GA,GA,GA,GA,GA,,GA,GA,GA,,GA,GA,GA,GA,GA,GA,GA,GA,,GA,GA,GA
Notification Hubs,Offer Coverage,GA,GA,GA,GA,,,GA,,GA,GA,GA,GA,,GA,,GA,GA,,GA,,GA,GA,GA,,GA,,,GA,,,,GA,GA,GA,,,,,,GA,GA,GA,,GA,GA,GA,,GA,GA,GA,,GA,,GA,GA,,,,GA,GA,,GA,GA,GA,GA,GA,GA,GA,GA
Nutanix on Azure,Offer Coverage,,,GA,,,,,,,,GA,,,,,,,,,,,GA,GA,,,,,GA,,,,GA,,,,,,,,GA,,,,,GA,,,,GA,GA,,,,,,,,GA,GA,,,,,,GA,,,GA,
Oracle AI Database@Azure,Offer Coverage,,,GA,GA,,,GA,GA,GA,GA,GA,GA,,,,,,,,,,GA,GA,,GA,GA,GA,GA,,,GA,GA,GA,,,,,,,GA,GA,,,,,,,GA,GA,GA,GA,GA,,GA,,,GA,GA,GA,GA,,,,,GA,,GA,GA,GA
Planned Maintenance,Offer Coverage,,,,,,,,,,,,,,,,,,,,,,,,,,,,,,,,,,,,,,,GA,,,,,,,,,,,,,,,,,,,,,,,,,,,,,,
Power BI,Offer Coverage,,,GA,GA,,,GA,,GA,GA,GA,GA,,GA,GA,GA,GA,GA,GA,,GA,GA,GA,,GA,GA,GA,GA,GA,,GA,GA,GA,GA,GA,,GA,,,GA,GA,GA,GA,GA,GA,GA,GA,GA,,GA,GA,GA,,GA,GA,GA,GA,GA,GA,GA,GA,GA,GA,,GA,GA,GA,GA,GA
Quota Management,Offer Coverage,,,GA,,,,,,,,,,,,,,,,,,,GA,,,,,,,,,,GA,,,,,,,,,GA,,,,,,,,,GA,,GA,,,,,,,GA,,,,,,GA,,,GA,
Quota+ Usage blade,Offer Coverage,,,,,,,,,,,,,,,,,,,,,,,,,,,,,,,,,,,,,,,GA,,,,,,,,,,,,,,,,,,,,,,,,,,,,,,
Redis Cache,Offer Coverage,GA,GA,GA,GA,,,GA,GA,GA,GA,GA,GA,,GA,GA,GA,GA,GA,GA,GA,GA,GA,GA,,GA,GA,GA,GA,GA,,GA,GA,GA,GA,GA,,GA,,,GA,GA,GA,GA,GA,GA,GA,GA,GA,GA,GA,GA,GA,GA,GA,GA,,GA,GA,GA,GA,GA,GA,GA,GA,GA,GA,GA,GA,GA
Redis Cache,Balanced (Compute + Memory),GA,GA,GA,GA,,,GA,GA,GA,GA,GA,GA,GA,,,,,,,,GA,GA,GA,,,GA,GA,GA,GA,GA,GA,GA,GA,GA,GA,GA,GA,GA,,GA,GA,GA,GA,GA,,GA,GA,GA,GA,GA,GA,GA,GA,GA,GA,GA,GA,GA,GA,GA,,,,GA,GA,,GA,GA,GA
Redis Cache,Compute Optimized,GA,GA,GA,GA,,,GA,GA,GA,GA,GA,GA,GA,,,,,,,,GA,GA,GA,,,GA,GA,GA,GA,GA,GA,GA,GA,GA,GA,GA,GA,GA,,GA,GA,GA,GA,GA,,GA,GA,GA,GA,GA,GA,GA,GA,GA,GA,GA,GA,GA,GA,GA,,,,GA,GA,,GA,GA,GA
Redis Cache,Memory Optimized,GA,GA,GA,GA,,,GA,GA,GA,GA,GA,GA,GA,,,,,,,,GA,GA,GA,,,GA,GA,GA,GA,GA,GA,GA,GA,GA,GA,GA,GA,GA,,GA,GA,GA,GA,GA,,GA,GA,GA,GA,GA,GA,GA,GA,GA,GA,GA,GA,GA,GA,GA,,,,GA,GA,,GA,GA,GA
Redis Cache,Redis Cache,Closing Down,Closing Down,Closing Down,Closing Down,,,Closing Down,Closing Down,Closing Down,Closing Down,Closing Down,Closing Down,,,Closing Down,,,Closing Down,,,Closing Down,Closing Down,Closing Down,,Closing Down,Closing Down,Closing Down,Closing Down,,,,Closing Down,Closing Down,Closing Down,Closing Down,,,,,Closing Down,Closing Down,Closing Down,Closing Down,,,Closing Down,Closing Down,Closing Down,Closing Down,Closing Down,,Closing Down,Closing Down,Closing Down,Closing Down,,Closing Down,Closing Down,Closing Down,Closing Down,Closing Down,Closing Down,Closing Down,Closing Down,Closing Down,Closing Down,Closing Down,Closing Down,Closing Down
Redis Cache,Redis Enterprise,,,Closing Down,,,,Closing Down,,Closing Down,,Closing Down,Closing Down,,,,,,,,,Closing Down,Closing Down,Closing Down,,,,,Closing Down,,,,Closing Down,,,,,,,,Closing Down,Closing Down,,,,,,,Closing Down,,Closing Down,,Closing Down,,,,,,,Closing Down,,,,,,Closing Down,,Closing Down,Closing Down,Closing Down
Redis Cache,Redis Enterprise Flash,,,GA,,,,GA,,,,GA,,,,,,,,,,,GA,GA,,,,,GA,,,,,,,,,,,,,GA,,,,,,,GA,,GA,,GA,,,,,,,GA,,,,,,GA,,GA,GA,GA
Resource Move,Offer Coverage,,,GA,,,,GA,,GA,,GA,,,,,,,GA,,,,,GA,,GA,,,GA,,,,GA,,GA,,,,,,,GA,GA,,,GA,,,,,GA,,GA,,GA,,,,GA,GA,,,,GA,,,,,,
Scheduler,Offer Coverage,,,Closing Down,Closing Down,,,Closing Down,,Closing Down,Closing Down,Closing Down,Closing Down,,Closing Down,,,Closing Down,,,,Closing Down,Closing Down,Closing Down,,,,,,,,,Closing Down,Closing Down,Closing Down,Closing Down,,,,,Closing Down,Closing Down,,,,,,,Closing Down,Closing Down,Closing Down,,,,,,,,,Closing Down,Closing Down,Closing Down,Closing Down,Closing Down,Closing Down,Closing Down,Closing Down,Closing Down,Closing Down,
Security Platform (Purview),Offer Coverage,,,GA,,,,GA,,GA,GA,GA,,,,,,,,GA,,,GA,GA,,GA,,,GA,,,,GA,,GA,,,,,,,GA,,,,GA,GA,,GA,,GA,,GA,,GA,,,,GA,GA,,,,GA,GA,GA,,GA,GA,GA
Service Bus,Offer Coverage,GA,GA,GA,GA,GA,,GA,GA,GA,GA,GA,GA,GA,GA,GA,GA,GA,GA,GA,,GA,GA,GA,GA,GA,GA,GA,GA,GA,GA,GA,GA,GA,GA,GA,,GA,,,GA,GA,GA,GA,GA,GA,GA,GA,GA,GA,GA,GA,GA,GA,GA,GA,GA,GA,GA,GA,GA,GA,GA,GA,GA,GA,GA,GA,GA,GA
Service Bus,Premium,GA,GA,GA,GA,GA,,GA,GA,GA,GA,GA,GA,GA,,GA,GA,,GA,GA,,GA,GA,GA,,GA,GA,GA,GA,GA,GA,GA,GA,GA,GA,GA,,GA,GA,,GA,GA,GA,GA,GA,GA,GA,GA,GA,GA,GA,GA,GA,GA,GA,GA,GA,GA,GA,GA,GA,GA,GA,GA,GA,GA,GA,GA,GA,GA
Service Connector,Offer Coverage,GA,,GA,GA,,,,,,,,,,,,,,,,,GA,GA,,,,,,,,,,GA,GA,,,,,,,GA,GA,,,,,,,,,,,,,,,,,,GA,GA,,,,GA,GA,,GA,GA,
Service Fabric,Offer Coverage,GA,GA,GA,GA,GA,,GA,GA,GA,GA,GA,GA,GA,GA,GA,GA,GA,GA,GA,,GA,GA,GA,,GA,GA,GA,GA,GA,GA,GA,GA,GA,GA,GA,,GA,GA,,GA,GA,GA,GA,GA,GA,GA,GA,GA,GA,GA,GA,GA,GA,GA,GA,GA,GA,GA,GA,GA,GA,GA,GA,GA,GA,GA,GA,GA,GA
Site Recovery,Offer Coverage,GA,GA,GA,GA,GA,,GA,GA,GA,GA,GA,GA,GA,GA,GA,GA,GA,GA,GA,GA,GA,GA,GA,GA,GA,GA,GA,GA,GA,GA,GA,GA,GA,GA,GA,,GA,GA,,GA,GA,GA,GA,GA,GA,GA,GA,GA,GA,GA,GA,GA,GA,GA,GA,GA,GA,GA,GA,GA,GA,GA,GA,GA,GA,GA,GA,GA,GA
SQL Managed Instance enabled by Azure Arc,Offer Coverage,,,GA,,,,GA,,GA,GA,GA,GA,,,,,,,,,GA,GA,GA,,GA,,,,,,,GA,,GA,,,,,,GA,GA,GA,,,,GA,,GA,,GA,,GA,,GA,,,,GA,GA,GA,,,,GA,GA,,GA,GA,GA
SQL Server on Azure Virtual Machines,Offer Coverage,GA,GA,GA,GA,,,GA,GA,GA,GA,GA,GA,,GA,GA,GA,GA,GA,GA,,GA,GA,GA,,GA,GA,GA,GA,,,GA,GA,GA,GA,GA,,,,,GA,GA,GA,GA,GA,GA,GA,GA,GA,GA,GA,,GA,GA,GA,GA,,GA,GA,GA,GA,GA,GA,GA,GA,GA,GA,GA,GA,GA
Standby Pool,Offer Coverage,GA,GA,GA,GA,GA,,GA,GA,GA,GA,GA,GA,GA,,,,,,,GA,GA,GA,GA,,GA,GA,GA,GA,GA,GA,GA,GA,GA,GA,GA,GA,GA,GA,,GA,GA,GA,GA,GA,GA,GA,GA,GA,GA,GA,GA,GA,GA,GA,GA,GA,GA,GA,GA,GA,GA,GA,GA,GA,GA,GA,GA,GA,GA
Storage,Offer Coverage,GA,GA,GA,GA,GA,,GA,GA,GA,GA,GA,GA,GA,GA,GA,GA,GA,GA,GA,,GA,GA,GA,,GA,GA,GA,GA,GA,GA,GA,GA,GA,GA,GA,,GA,GA,,GA,GA,GA,GA,GA,GA,GA,GA,GA,GA,GA,GA,GA,GA,GA,GA,GA,GA,GA,GA,GA,GA,GA,GA,GA,GA,GA,GA,GA,GA
Storage,Archive Storage,GA,GA,GA,GA,,,GA,,GA,GA,GA,GA,,,GA,GA,,GA,GA,,GA,GA,GA,,GA,GA,,GA,,,GA,GA,GA,GA,GA,GA,,,,GA,GA,GA,,,,GA,GA,GA,GA,GA,,GA,GA,GA,GA,GA,,GA,GA,GA,GA,GA,GA,GA,GA,,GA,GA,GA
Storage,Azure Data Lake Storage Gen2,GA,GA,GA,GA,GA,,GA,GA,GA,GA,GA,GA,,GA,GA,GA,GA,GA,GA,,GA,GA,GA,,GA,GA,GA,GA,,GA,GA,GA,GA,GA,GA,,GA,GA,,GA,GA,GA,GA,GA,GA,GA,GA,GA,GA,GA,GA,GA,GA,GA,GA,GA,GA,GA,GA,GA,GA,GA,GA,GA,GA,GA,GA,GA,GA
Storage,Azure File Sync,,,GA,GA,,,GA,,GA,GA,GA,GA,,,GA,,,GA,,,GA,GA,GA,,GA,GA,GA,GA,,GA,GA,GA,GA,GA,GA,,,GA,,GA,GA,GA,GA,GA,,GA,GA,GA,GA,GA,GA,GA,,GA,GA,,GA,GA,GA,GA,GA,GA,GA,GA,GA,,GA,GA,GA
Storage,Azure Premium Files,GA,GA,GA,GA,,,GA,GA,GA,GA,GA,GA,,,GA,GA,,GA,GA,GA,GA,GA,GA,,GA,GA,GA,GA,GA,,GA,GA,GA,GA,GA,,,,,GA,GA,GA,GA,GA,GA,GA,GA,GA,GA,GA,,GA,,GA,GA,GA,GA,GA,GA,GA,GA,GA,GA,GA,GA,GA,GA,GA,GA
Storage,Azure Storage Reservations,,,GA,,,,GA,,GA,,GA,GA,,,GA,,,,,,GA,GA,GA,,GA,,,GA,,,,GA,,GA,,,,,,GA,GA,GA,,,GA,GA,,GA,,GA,,GA,,GA,,,,GA,GA,GA,GA,GA,GA,,GA,,GA,GA,GA
Storage,Data Box,,,,,,,,,,,,GA,,,,,,,,,,GA,GA,,GA,GA,,,,,,,,,,,,,,GA,GA,,,,,,,GA,,,,,,,,,,,GA,GA,,,,GA,GA,,GA,GA,
Storage,Disk Storage,GA,GA,GA,GA,GA,,GA,GA,GA,GA,GA,GA,,GA,GA,GA,GA,GA,GA,,GA,GA,GA,,GA,GA,GA,GA,GA,GA,GA,GA,GA,GA,GA,,GA,GA,,GA,GA,GA,GA,GA,GA,GA,GA,GA,GA,GA,GA,GA,GA,GA,GA,GA,GA,GA,GA,GA,GA,GA,GA,GA,GA,GA,GA,GA,GA
Storage,Hot/Cool/Cold Blob Storage Tiers,GA,GA,GA,GA,GA,,GA,GA,GA,GA,GA,GA,GA,GA,GA,GA,GA,GA,GA,GA,GA,GA,GA,,GA,GA,GA,GA,GA,GA,GA,GA,GA,GA,GA,,GA,GA,,GA,GA,GA,GA,GA,GA,GA,GA,GA,GA,GA,GA,GA,GA,GA,GA,GA,GA,GA,GA,GA,GA,GA,GA,GA,GA,GA,GA,GA,GA
Storage,Import/Export,,,GA,GA,,,GA,,GA,GA,GA,GA,,GA,GA,,GA,,,,GA,GA,GA,,GA,,,GA,,,,GA,GA,GA,,,,,,GA,GA,GA,,,,GA,,GA,GA,GA,,GA,,GA,GA,,,GA,GA,GA,,,GA,GA,GA,GA,GA,GA,
Storage,Managed Disks,GA,GA,GA,GA,GA,,GA,GA,GA,GA,GA,GA,GA,GA,GA,GA,GA,GA,GA,,GA,GA,GA,,GA,GA,GA,GA,GA,GA,GA,GA,GA,GA,GA,,GA,GA,,GA,GA,GA,GA,GA,GA,GA,GA,GA,GA,GA,GA,GA,GA,GA,GA,GA,GA,GA,GA,GA,GA,GA,GA,GA,GA,GA,GA,GA,GA
Storage,Premium Block Blobs,GA,,GA,GA,,,GA,GA,GA,GA,GA,GA,,,GA,GA,,GA,GA,GA,GA,GA,GA,,GA,GA,GA,GA,GA,,GA,GA,GA,GA,GA,,,,,GA,GA,GA,,GA,GA,GA,GA,GA,GA,GA,GA,GA,,GA,GA,GA,GA,GA,GA,GA,GA,GA,GA,GA,GA,GA,GA,GA,GA
Storage,Premium SSD v2,,GA,GA,GA,,,GA,,GA,GA,GA,GA,,,,,,,GA,,GA,GA,GA,,GA,,,GA,GA,GA,GA,GA,GA,GA,,,GA,GA,,GA,GA,GA,GA,GA,,GA,,GA,,GA,GA,GA,,GA,,,,GA,GA,GA,,,GA,GA,GA,,GA,GA,GA
Storage,Queues,GA,GA,GA,GA,GA,,GA,GA,GA,GA,GA,GA,GA,GA,GA,GA,GA,GA,GA,GA,GA,GA,GA,,GA,GA,GA,GA,GA,GA,GA,GA,GA,GA,GA,,GA,GA,,GA,GA,GA,GA,GA,GA,GA,GA,GA,GA,GA,GA,GA,GA,GA,GA,GA,GA,GA,GA,GA,GA,GA,GA,GA,GA,GA,GA,GA,GA
Storage,Tables,GA,GA,GA,GA,GA,,GA,GA,GA,GA,GA,GA,GA,GA,GA,GA,GA,GA,GA,GA,GA,GA,GA,,GA,GA,GA,GA,GA,GA,GA,GA,GA,GA,GA,,GA,GA,,GA,GA,GA,GA,GA,GA,GA,GA,GA,GA,GA,GA,GA,GA,GA,GA,GA,GA,GA,GA,GA,GA,GA,GA,GA,GA,GA,GA,GA,GA
Storage,Ultra Disk Storage,GA,GA,GA,,,,GA,GA,GA,GA,GA,GA,,,,,,,GA,,GA,GA,GA,,GA,,,GA,GA,,GA,GA,,GA,GA,,,,,GA,GA,,GA,GA,GA,GA,,GA,,GA,GA,GA,,GA,,GA,,GA,GA,GA,GA,GA,GA,,GA,,GA,GA,GA
Time Series Insights,Offer Coverage,,,Closing Down,Closing Down,,,,,Closing Down,,,Closing Down,,,Closing Down,,,Closing Down,,,Closing Down,Closing Down,Closing Down,,Closing Down,,,,,,,,,,,,,,,,Closing Down,,,,,,,Closing Down,,Closing Down,,,,,,,,,Closing Down,Closing Down,,,,Closing Down,Closing Down,,Closing Down,Closing Down,
Time Series Insights,Time Series Insights Gen1,,,Closing Down,Closing Down,,,,,,,,Closing Down,,,Closing Down,,,Closing Down,,,Closing Down,Closing Down,Closing Down,,,,,,,,,,,,,,,,,,Closing Down,,,,,,,Closing Down,,Closing Down,,,,,,,,,Closing Down,Closing Down,,,,Closing Down,Closing Down,,Closing Down,Closing Down,
Traffic Manager,Offer Coverage,,,,,,,,,,,,,,,,,,,,,,,,,,,,,,,,,,,,,,,GA,,,,,,,,,,,,,,,,,,,,,,,,,,,,,,
Trusted Hardware Identity Management,Offer Coverage,,,,,,,,,,,,,,,,,,,,,,,,,,,,,,,,,,,,,,,GA,,,,,,,,,,,,,,,,,,,,,,,,,,,,,,
Universal Print,Offer Coverage,,,GA,,,,GA,,GA,,,,,,,,,,,,,GA,,,,,,,,,,GA,,,,,,,,,,,,,,,,,GA,GA,,,,,,,,,GA,,,,,,GA,GA,,GA,
Virtual Machine Scale Sets,Offer Coverage,GA,GA,GA,GA,GA,,GA,GA,GA,GA,GA,GA,GA,GA,GA,GA,GA,GA,GA,,GA,GA,GA,,GA,GA,GA,GA,GA,GA,GA,GA,GA,GA,GA,,GA,GA,,GA,GA,GA,GA,GA,GA,GA,GA,GA,GA,GA,GA,GA,GA,GA,GA,GA,GA,GA,GA,GA,GA,GA,GA,GA,GA,GA,GA,GA,GA
Virtual Machines,Offer Coverage,GA,GA,GA,GA,GA,,GA,GA,GA,GA,GA,GA,GA,GA,GA,GA,GA,GA,GA,GA,GA,GA,GA,,GA,GA,GA,GA,GA,GA,GA,GA,GA,GA,GA,,GA,GA,,GA,GA,GA,GA,GA,GA,GA,GA,GA,GA,GA,GA,GA,GA,GA,GA,GA,GA,GA,GA,GA,GA,GA,GA,GA,GA,GA,GA,GA,GA
Virtual Machines,A0 - A7,GA,GA,GA,GA,,,GA,,GA,GA,GA,GA,,GA,GA,,GA,GA,,,GA,GA,GA,,GA,GA,,,,,,GA,GA,GA,GA,,,,,GA,GA,,,,,GA,GA,GA,GA,GA,,,,,,,GA,GA,GA,GA,GA,GA,GA,GA,GA,GA,GA,GA,
Virtual Machines,Av2-Series,GA,GA,GA,GA,GA,GA,GA,GA,GA,GA,GA,GA,,GA,GA,GA,GA,GA,GA,GA,GA,GA,GA,,GA,GA,GA,GA,GA,GA,GA,GA,GA,GA,GA,,GA,GA,,GA,GA,GA,GA,GA,GA,GA,GA,GA,GA,GA,GA,GA,GA,GA,GA,GA,GA,GA,GA,GA,GA,GA,GA,GA,GA,GA,GA,GA,GA
Virtual Machines,Azure Dedicated Host,GA,GA,GA,GA,,,GA,GA,GA,GA,GA,GA,,,GA,,,,,,GA,GA,GA,,GA,GA,GA,GA,GA,GA,GA,GA,GA,GA,GA,GA,,,,GA,GA,GA,GA,GA,GA,GA,GA,GA,GA,GA,,GA,GA,GA,GA,,GA,GA,GA,GA,GA,,GA,GA,GA,GA,GA,GA,GA
Virtual Machines,B-Series,Closing Down,Closing Down,Closing Down,Closing Down,Closing Down,,Closing Down,Closing Down,Closing Down,Closing Down,Closing Down,Closing Down,,,Closing Down,Closing Down,,Closing Down,Closing Down,Closing Down,Closing Down,Closing Down,Closing Down,,Closing Down,Closing Down,Closing Down,Closing Down,Closing Down,Closing Down,Closing Down,Closing Down,Closing Down,Closing Down,Closing Down,,Closing Down,Closing Down,,Closing Down,Closing Down,Closing Down,Closing Down,Closing Down,Closing Down,Closing Down,Closing Down,Closing Down,Closing Down,Closing Down,Closing Down,Closing Down,Closing Down,Closing Down,Closing Down,Closing Down,Closing Down,Closing Down,Closing Down,Closing Down,Closing Down,Closing Down,Closing Down,Closing Down,Closing Down,Closing Down,Closing Down,Closing Down,Closing Down
Virtual Machines,Basv2 Series Virtual Machines,,,GA,,,,,,,,,GA,,,,,,,,,,GA,GA,,,,,,,,,,,,,,,,,,GA,,,,,,,GA,,GA,,GA,,GA,,,,,GA,,,,,,GA,,,GA,GA
Virtual Machines,Bpsv2-series,,,GA,,,,,,,,GA,GA,,,,,,,,,GA,GA,GA,,GA,,,GA,,,,GA,,,,,,,,GA,GA,,,,,,,GA,,GA,,GA,,,,,,,GA,,,,,GA,GA,,GA,GA,GA
Virtual Machines,Bsv2 Series Virtual Machines,,,GA,,,,,,,,,,,,,,,,,,,GA,GA,,,,,,,,,,,,,,,,,,GA,,,,,,,GA,,GA,,GA,,GA,,,,,GA,,,,,,GA,,,GA,GA
Virtual Machines,D-Series,Closing Down,Closing Down,Closing Down,Closing Down,,,Closing Down,Closing Down,Closing Down,,,Closing Down,,Closing Down,,,Closing Down,,,,Closing Down,Closing Down,Closing Down,,,Closing Down,,,,,,Closing Down,Closing Down,,,,,,,Closing Down,Closing Down,,,,,Closing Down,Closing Down,Closing Down,,Closing Down,,,,,,,Closing Down,Closing Down,,,,,Closing Down,,Closing Down,,Closing Down,,
Virtual Machines,Dadsv5-Series,GA,GA,GA,GA,GA,GA,GA,GA,GA,GA,GA,GA,GA,,GA,GA,,GA,GA,GA,GA,GA,GA,,GA,GA,GA,GA,GA,GA,GA,GA,GA,GA,GA,GA,GA,,,GA,GA,GA,GA,GA,GA,GA,GA,GA,GA,GA,GA,GA,GA,GA,,GA,GA,GA,GA,GA,GA,GA,GA,GA,GA,GA,GA,GA,GA
Virtual Machines,Dadsv6-series,GA,GA,GA,GA,GA,,,,GA,GA,GA,GA,GA,,GA,GA,,GA,,,GA,GA,GA,,GA,GA,GA,GA,GA,GA,GA,GA,GA,GA,GA,GA,GA,GA,,GA,GA,,,GA,GA,,GA,GA,,GA,GA,GA,GA,GA,GA,GA,GA,,GA,GA,GA,GA,GA,GA,GA,GA,GA,GA,GA
Virtual Machines,Dadsv7-series,,,GA,,,,,,,,,GA,,,,,,,,,,,GA,,,,,GA,,,,GA,,,,,,,,,GA,,,,,,,GA,,GA,,,,,,,,,GA,,,,,,GA,,,GA,GA
Virtual Machines,Daldsv6-series,GA,GA,GA,GA,GA,,,,GA,GA,GA,GA,GA,,GA,GA,,GA,,,GA,GA,GA,,GA,GA,GA,GA,GA,GA,GA,GA,GA,GA,GA,GA,GA,GA,,GA,GA,,,GA,GA,,GA,GA,,GA,GA,GA,GA,,GA,GA,GA,,GA,GA,GA,GA,GA,GA,GA,GA,GA,GA,GA
Virtual Machines,Daldsv7-series,,,GA,,,,,,,,,GA,,,,,,,,,,,GA,,,,,GA,,,,GA,,,,,,,,,GA,,,,,,,GA,,GA,,,,,,,,,GA,,,,,,GA,,,GA,GA
Virtual Machines,Dalsv6-series,GA,GA,GA,GA,GA,,,,GA,GA,GA,GA,GA,,GA,GA,,GA,,,GA,GA,GA,,GA,GA,GA,GA,GA,GA,GA,GA,GA,GA,GA,GA,GA,GA,,GA,GA,,,GA,GA,,GA,GA,,GA,GA,GA,GA,,GA,GA,GA,,GA,GA,GA,GA,GA,GA,GA,GA,GA,GA,GA
Virtual Machines,Dalsv7-series,,,GA,,,,,,,,,GA,,,,,,,,,,,GA,,,,,GA,,,,GA,,,,,,,,,GA,,,,,,,GA,,GA,,,,,,,,,GA,,,,,,GA,,,GA,GA
Virtual Machines,DASv4-Series,GA,GA,GA,GA,GA,GA,GA,GA,GA,GA,GA,GA,GA,,GA,GA,,GA,GA,,GA,GA,GA,,GA,GA,GA,GA,GA,GA,GA,GA,GA,GA,GA,GA,GA,,,GA,GA,GA,GA,GA,GA,GA,GA,GA,GA,GA,GA,GA,GA,GA,GA,GA,GA,GA,GA,GA,GA,GA,GA,GA,GA,GA,GA,GA,GA
Virtual Machines,Dasv5-Series,GA,GA,GA,GA,GA,GA,GA,GA,GA,GA,GA,GA,GA,,GA,GA,,GA,GA,GA,GA,GA,GA,,GA,GA,GA,GA,GA,GA,GA,GA,GA,GA,GA,GA,GA,,,GA,GA,GA,GA,GA,GA,GA,GA,GA,GA,GA,GA,GA,GA,GA,,GA,GA,GA,GA,GA,GA,GA,GA,GA,GA,GA,GA,GA,GA
Virtual Machines,Dasv6-series,GA,GA,GA,GA,GA,,,,GA,GA,GA,GA,GA,,GA,GA,,GA,,,GA,GA,GA,,GA,GA,GA,GA,GA,GA,GA,GA,GA,GA,GA,GA,GA,GA,,GA,GA,,,GA,GA,,GA,GA,,GA,GA,GA,GA,,GA,GA,GA,,GA,GA,GA,GA,GA,GA,GA,GA,GA,GA,GA
Virtual Machines,Dasv7-series,,,GA,,,,,,,,,GA,,,,,,,,,,,GA,,,,,GA,,,,GA,,,,,,,,,GA,,,,,,,GA,,GA,,,,,,,,,GA,,,,,,GA,,,GA,GA
Virtual Machines,DAv4-Series,GA,GA,GA,GA,GA,GA,GA,GA,GA,GA,GA,GA,GA,,GA,GA,,GA,GA,,GA,GA,GA,,GA,GA,GA,GA,GA,GA,GA,GA,GA,GA,GA,GA,GA,,,GA,GA,GA,GA,GA,GA,GA,GA,GA,GA,GA,GA,GA,GA,GA,GA,GA,GA,GA,GA,GA,GA,GA,GA,GA,GA,GA,GA,GA,GA
Virtual Machines,DC-Series,,,,,,,,,,,,,,,,,,,,,,Closing Down,,,,,,,,,,,,,,,,,,,,,,,,,,,,,,,,,,,,,,,,,,,Closing Down,,,,
Virtual Machines,DCads_cc_v5-series,,,,,,,,,,,Preview,,,,,,,,,,,Preview,,,,,,,,,Preview,Preview,,,,,,,,,Preview,,,,,,,,,,,,,Preview,,,,,,,,,,,Preview,,Preview,,
Virtual Machines,DCadsv5-series,,,,,,,,,,,GA,,,,,,,,,,GA,GA,,,,,,GA,,,GA,GA,,,,,,,,,GA,,,,,,,,,GA,,,,GA,,,,GA,,,,,,,GA,,GA,,
Virtual Machines,DCadsv6-series,,,GA,,,,,,GA,GA,,,,,,,,,,,,,,,,GA,GA,GA,,,GA,,,GA,,,,,,,,GA,GA,,,GA,,,,,,,,GA,,,,GA,GA,,GA,,GA,GA,GA,,GA,,GA
Virtual Machines,DCas_cc_v5-series,,,,,,,,,,,Preview,,,,,,,,,,,Preview,,,,,,Preview,,,Preview,Preview,,,,,,,,,Preview,,,,,,,,,Preview,,,,Preview,,,,Preview,,,,,,,Preview,,Preview,,
Virtual Machines,DCasv5-series,,,,,,,,,,,GA,,,,,,,,,,GA,GA,,,,,,GA,,,GA,GA,,,,,,,,,GA,,,,,,,,,GA,,,,GA,,,,GA,,,,,,,GA,,GA,,
Virtual Machines,DCasv6-series,,,GA,,,,,,GA,GA,,,,,,,,,,,,,,,,GA,GA,GA,,,GA,,,GA,,,,,,,,GA,GA,,,GA,,,,,,,,GA,,,,GA,GA,,GA,,GA,GA,GA,,GA,,GA
Virtual Machines,DCdsv3-Series,,,GA,,,,,,GA,,GA,GA,,,,,,,,,,GA,GA,,,,,GA,,,GA,GA,GA,,,,,,,,GA,,,,,,,GA,,GA,,,,GA,,,,GA,GA,,,,,,GA,,GA,GA,
Virtual Machines,DCedsv5-series,,,,,,,,,,,,Closing Down,,,,,,,,,,,Closing Down,,,,,,,,,,,,,,,,,,Closing Down,,,,,,,,,,,,,,,,,,,,,,,,Closing Down,,,,
Virtual Machines,DCesv5-series,,,,,,,,,,,,Closing Down,,,,,,,,,,,Closing Down,,,,,,,,,,,,,,,,,,Closing Down,,,,,,,,,,,,,,,,,,,,,,,,Closing Down,,,,
Virtual Machines,DCesv6-series,,,,,,,,,,,,,,,,,,,,,,,,,,,,,,,,,,,,,,,,,,,,,,,,,,,,,,,,,,,,,,,,,,,GA,,GA
Virtual Machines,DCsv2-series,,,Closing Down,Closing Down,,,,,Closing Down,Closing Down,,,,,,,,,,,,Closing Down,,,,,,,,,,,,,,,,,,Closing Down,Closing Down,,,,,,,Closing Down,,Closing Down,,,,,,,,,Closing Down,Closing Down,Closing Down,,Closing Down,,Closing Down,,Closing Down,Closing Down,
Virtual Machines,DCsv3-Series,,,GA,,,,,,GA,,GA,GA,,,,,,,,,,GA,GA,,,,,GA,,,GA,GA,GA,,,,,,,,GA,,,,,,,GA,,GA,,,,GA,,,,GA,GA,,,,,,GA,,GA,GA,
Virtual Machines,Ddsv4-series,GA,GA,GA,GA,,,GA,GA,GA,GA,GA,GA,,,GA,GA,,GA,GA,GA,,GA,GA,,GA,GA,GA,GA,GA,GA,GA,GA,GA,GA,GA,GA,GA,GA,,GA,GA,GA,GA,GA,GA,GA,GA,GA,GA,GA,GA,GA,GA,GA,GA,GA,GA,GA,GA,GA,GA,GA,GA,GA,GA,GA,GA,GA,GA
Virtual Machines,Ddsv5-Series,GA,GA,GA,GA,GA,GA,GA,GA,GA,GA,GA,GA,GA,,GA,GA,,GA,GA,GA,GA,GA,GA,,GA,GA,GA,GA,GA,GA,GA,GA,GA,GA,GA,,GA,GA,,GA,GA,GA,GA,GA,GA,GA,GA,GA,GA,GA,GA,GA,GA,GA,GA,GA,GA,GA,GA,GA,GA,GA,GA,GA,GA,GA,GA,GA,GA
Virtual Machines,Ddsv6-series,,,GA,,,GA,GA,,GA,,GA,GA,,,,,,,GA,,,GA,GA,,GA,,,GA,,GA,GA,GA,,GA,,,,,,GA,GA,GA,,GA,,GA,,GA,,GA,GA,GA,,GA,,GA,,GA,GA,,,,GA,GA,GA,GA,GA,GA,GA
Virtual Machines,Ddv4-series,GA,GA,GA,GA,GA,,GA,GA,GA,GA,GA,GA,GA,,GA,GA,,GA,GA,GA,GA,GA,GA,,GA,GA,GA,GA,GA,GA,GA,GA,GA,GA,GA,GA,GA,GA,,GA,GA,GA,,GA,GA,GA,GA,GA,GA,GA,GA,GA,GA,GA,,GA,GA,GA,GA,GA,GA,GA,GA,GA,GA,,GA,GA,GA
Virtual Machines,Ddv5-Series,GA,GA,GA,GA,GA,GA,GA,GA,GA,GA,GA,GA,GA,,GA,GA,,GA,GA,GA,GA,GA,GA,,GA,GA,GA,GA,GA,GA,GA,GA,GA,GA,GA,,GA,GA,,GA,GA,GA,GA,GA,GA,GA,GA,GA,GA,GA,GA,GA,GA,GA,GA,GA,GA,GA,GA,GA,GA,GA,GA,GA,GA,GA,GA,GA,GA
Virtual Machines,Dldsv5-Series,GA,GA,GA,GA,,GA,GA,GA,GA,GA,GA,GA,,,GA,,,GA,GA,GA,GA,GA,GA,,GA,GA,,GA,GA,,,GA,GA,GA,GA,,,,,GA,GA,GA,,GA,GA,GA,GA,GA,GA,GA,,GA,GA,GA,GA,GA,,GA,GA,GA,GA,GA,GA,GA,GA,,GA,GA,GA
Virtual Machines,Dldsv6-series,,,GA,,,,GA,,GA,,GA,GA,,,,,,,GA,,,GA,GA,,GA,,,GA,,GA,GA,GA,,GA,,,,,,GA,GA,GA,,GA,,GA,,GA,,GA,GA,GA,,GA,,GA,,GA,GA,,,,GA,,GA,,GA,GA,GA
Virtual Machines,Dlsv5-Series,GA,GA,GA,GA,,GA,GA,GA,GA,GA,GA,GA,,,GA,,,GA,GA,GA,GA,GA,GA,,GA,GA,,GA,GA,,,GA,GA,GA,GA,,,,,GA,GA,GA,,GA,GA,GA,GA,GA,GA,GA,,GA,GA,GA,GA,GA,,GA,GA,GA,GA,GA,GA,GA,GA,,GA,GA,GA
Virtual Machines,Dlsv6-series,,,GA,,,,GA,,GA,,GA,GA,,,,,,,GA,,,GA,GA,,GA,,,GA,,GA,GA,GA,,GA,,,,,,GA,GA,GA,,GA,,GA,,GA,,GA,GA,GA,,GA,,GA,,GA,GA,,,,GA,,GA,,GA,GA,GA
Virtual Machines,Dpdsv5-series,,,GA,,,,,,,,GA,GA,,,,,,,,,GA,GA,GA,,GA,,,GA,,,,GA,,,,,,,,GA,GA,,,,,,,GA,,GA,,GA,,,,,,,GA,,,,,GA,GA,,GA,GA,GA
Virtual Machines,Dpdsv6-series,,,GA,GA,,,GA,,GA,GA,GA,GA,,,,,,,GA,,GA,GA,GA,,GA,,,GA,,,GA,GA,GA,GA,,,GA,GA,,GA,GA,GA,,GA,,GA,,GA,,GA,GA,GA,,GA,,,,GA,GA,GA,,,GA,GA,GA,,GA,GA,GA
Virtual Machines,Dpldsv5-Series,,,GA,,,,,,,,GA,GA,,,,,,,,,GA,GA,GA,,GA,,,GA,,,,GA,,,,,,,,GA,GA,,,,,,,GA,,GA,,GA,,,,,,,GA,,,,,GA,GA,,GA,GA,GA
Virtual Machines,Dpldsv6-series,,,GA,GA,,,GA,,GA,GA,GA,GA,,,,,,,GA,,GA,GA,GA,,GA,,,GA,,,GA,GA,GA,GA,,,GA,GA,,GA,GA,GA,,GA,,GA,,GA,,GA,GA,GA,,GA,,,,GA,GA,GA,,,GA,GA,GA,,GA,GA,GA
Virtual Machines,Dplsv5-Series,,,GA,,,,,,,,GA,GA,,,,,,,,,GA,GA,GA,,GA,,,GA,,,,GA,,,,,,,,GA,GA,,,,,,,GA,,GA,,GA,,,,,,,GA,,,,,GA,GA,,GA,GA,GA
Virtual Machines,Dplsv6-series,,,GA,GA,,,GA,,GA,GA,GA,GA,,,,,,,GA,,GA,GA,GA,,GA,,,GA,,,GA,GA,GA,GA,,,GA,GA,,GA,GA,GA,,GA,,GA,,GA,,GA,GA,GA,,GA,,,,GA,GA,GA,,,GA,GA,GA,,GA,GA,GA
Virtual Machines,Dpsv5-series,,,GA,,,,,,,,GA,GA,,,,,,,,,GA,GA,GA,,GA,,,GA,,,,GA,,,,,,,,GA,GA,,,,,,,GA,,GA,,GA,,,,,,,GA,,,,,GA,GA,,GA,GA,GA
Virtual Machines,Dpsv6-series,,,GA,GA,,,GA,,GA,GA,GA,GA,,,,,,,GA,,GA,GA,GA,,GA,,,GA,,,GA,GA,GA,GA,,,GA,GA,,GA,GA,GA,,GA,,GA,,GA,,GA,GA,GA,,GA,,,,GA,GA,GA,,,GA,GA,GA,,GA,GA,GA
Virtual Machines,DS-Series,Closing Down,Closing Down,Closing Down,Closing Down,,,,Closing Down,Closing Down,,,Closing Down,,Closing Down,,,Closing Down,,,,Closing Down,Closing Down,Closing Down,,,Closing Down,,,,,,Closing Down,Closing Down,,,,,,,,Closing Down,,,,,Closing Down,Closing Down,Closing Down,,Closing Down,,,,,,,Closing Down,Closing Down,,,,,Closing Down,,Closing Down,,Closing Down,,
Virtual Machines,DSv2-Series,Closing Down,Closing Down,Closing Down,Closing Down,,,Closing Down,Closing Down,Closing Down,Closing Down,Closing Down,Closing Down,Closing Down,Closing Down,Closing Down,Closing Down,Closing Down,Closing Down,Closing Down,Closing Down,Closing Down,Closing Down,Closing Down,,Closing Down,Closing Down,Closing Down,Closing Down,Closing Down,Closing Down,Closing Down,Closing Down,Closing Down,Closing Down,Closing Down,Closing Down,Closing Down,Closing Down,,Closing Down,Closing Down,Closing Down,Closing Down,Closing Down,Closing Down,Closing Down,Closing Down,Closing Down,Closing Down,Closing Down,Closing Down,Closing Down,Closing Down,Closing Down,Closing Down,Closing Down,Closing Down,Closing Down,Closing Down,Closing Down,Closing Down,Closing Down,Closing Down,Closing Down,Closing Down,Closing Down,Closing Down,Closing Down,Closing Down
Virtual Machines,DSv3-Series,GA,GA,GA,GA,GA,,GA,GA,GA,GA,GA,GA,,,GA,GA,,GA,GA,GA,GA,GA,GA,,GA,GA,GA,GA,GA,GA,GA,GA,GA,GA,GA,,GA,GA,,GA,GA,GA,GA,GA,GA,GA,GA,GA,GA,GA,GA,GA,GA,GA,GA,GA,GA,GA,GA,GA,GA,GA,GA,GA,GA,GA,GA,GA,GA
Virtual Machines,Dsv4-series,GA,GA,GA,GA,,,GA,GA,GA,GA,GA,GA,,,GA,GA,,GA,GA,GA,,GA,GA,,GA,GA,GA,GA,GA,GA,GA,GA,GA,GA,GA,GA,GA,GA,,GA,GA,GA,GA,GA,GA,GA,GA,GA,GA,GA,GA,GA,GA,GA,GA,GA,GA,GA,GA,GA,GA,GA,GA,GA,GA,GA,GA,GA,GA
Virtual Machines,Dsv5-Series,GA,GA,GA,GA,GA,GA,GA,GA,GA,GA,GA,GA,GA,,GA,GA,,GA,GA,GA,GA,GA,GA,,GA,GA,GA,GA,GA,GA,GA,GA,GA,GA,GA,,GA,GA,,GA,GA,GA,GA,GA,GA,GA,GA,GA,GA,GA,GA,GA,GA,GA,GA,GA,GA,GA,GA,GA,GA,GA,GA,GA,GA,GA,GA,GA,GA
Virtual Machines,Dsv6-series,,,GA,,,,GA,,GA,,GA,GA,,,,,,,GA,,,GA,GA,,GA,,,GA,,GA,GA,GA,,GA,,,,,,GA,GA,GA,,GA,,GA,,,,GA,GA,GA,,GA,,GA,,GA,GA,,,,GA,,GA,,GA,GA,GA
Virtual Machines,Dv2-Series,Closing Down,Closing Down,Closing Down,Closing Down,,Closing Down,Closing Down,Closing Down,Closing Down,Closing Down,Closing Down,Closing Down,Closing Down,Closing Down,Closing Down,Closing Down,Closing Down,Closing Down,Closing Down,Closing Down,Closing Down,Closing Down,Closing Down,,Closing Down,Closing Down,Closing Down,Closing Down,Closing Down,Closing Down,Closing Down,Closing Down,Closing Down,Closing Down,Closing Down,Closing Down,Closing Down,Closing Down,,Closing Down,Closing Down,Closing Down,Closing Down,Closing Down,Closing Down,Closing Down,Closing Down,Closing Down,Closing Down,Closing Down,Closing Down,Closing Down,Closing Down,Closing Down,Closing Down,Closing Down,Closing Down,Closing Down,Closing Down,Closing Down,Closing Down,Closing Down,Closing Down,Closing Down,Closing Down,Closing Down,Closing Down,Closing Down,Closing Down
Virtual Machines,Dv3-Series,GA,GA,GA,GA,GA,,GA,GA,GA,GA,GA,GA,,GA,GA,GA,,GA,GA,GA,GA,GA,GA,,GA,GA,GA,GA,GA,GA,GA,GA,GA,GA,GA,,GA,GA,,GA,GA,GA,GA,GA,GA,GA,GA,GA,GA,GA,GA,GA,GA,GA,GA,GA,GA,GA,GA,GA,GA,GA,GA,GA,GA,GA,GA,GA,GA
Virtual Machines,Dv4-series,GA,GA,GA,GA,,GA,GA,GA,GA,GA,GA,GA,,,GA,GA,,GA,GA,GA,,GA,GA,,GA,GA,GA,GA,GA,GA,GA,GA,GA,GA,GA,GA,GA,GA,,GA,GA,GA,GA,GA,GA,GA,GA,GA,GA,GA,GA,GA,GA,GA,GA,GA,GA,GA,GA,GA,GA,GA,GA,GA,GA,GA,GA,GA,GA
Virtual Machines,Dv5-Series,GA,GA,GA,GA,GA,GA,GA,GA,GA,GA,GA,GA,GA,,GA,GA,,GA,GA,GA,GA,GA,GA,,GA,GA,GA,GA,GA,GA,GA,GA,GA,GA,GA,,GA,GA,,GA,GA,GA,GA,GA,GA,GA,GA,GA,GA,GA,GA,GA,GA,GA,GA,GA,GA,GA,GA,GA,GA,GA,GA,GA,GA,GA,GA,GA,GA
Virtual Machines,Eadsv5-Series,GA,GA,GA,GA,GA,GA,GA,GA,GA,GA,GA,GA,GA,,GA,GA,,GA,GA,GA,GA,GA,GA,,GA,GA,GA,GA,GA,GA,GA,GA,GA,GA,GA,GA,GA,,,GA,GA,GA,GA,GA,GA,GA,GA,GA,GA,GA,GA,GA,GA,GA,,GA,GA,GA,GA,GA,GA,GA,GA,GA,GA,GA,GA,GA,GA
Virtual Machines,Eadsv6-series,GA,GA,GA,GA,GA,,,,GA,GA,GA,GA,GA,,GA,GA,,GA,,,GA,GA,GA,,GA,GA,GA,GA,GA,GA,GA,GA,GA,GA,GA,GA,GA,GA,,GA,GA,,,GA,GA,,GA,GA,,GA,GA,GA,GA,,GA,GA,GA,,GA,GA,GA,GA,GA,GA,GA,GA,GA,GA,GA
Virtual Machines,Eadsv7-series,,,GA,,,,,,,,,GA,,,,,,,,,,,GA,,,,,GA,,,,GA,,,,,,,,,GA,,,,,,,GA,,GA,,,,,,,,,GA,,,,,,GA,,,GA,GA
Virtual Machines,EASv4-Series,GA,GA,GA,GA,GA,GA,GA,GA,GA,GA,GA,GA,GA,,GA,GA,,GA,GA,,GA,GA,GA,,GA,GA,GA,GA,GA,GA,GA,GA,GA,GA,GA,GA,GA,,,GA,GA,GA,GA,GA,GA,GA,GA,GA,GA,GA,GA,GA,GA,GA,GA,GA,GA,GA,GA,GA,GA,GA,GA,GA,GA,GA,GA,GA,GA
Virtual Machines,Easv5-Series,GA,GA,GA,GA,GA,GA,GA,GA,GA,GA,GA,GA,GA,,GA,GA,,GA,GA,GA,GA,GA,GA,,GA,GA,GA,GA,GA,GA,GA,GA,GA,GA,GA,GA,GA,,,GA,GA,GA,GA,GA,GA,GA,GA,GA,GA,GA,GA,GA,GA,GA,,GA,GA,GA,GA,GA,GA,GA,GA,GA,GA,GA,GA,GA,GA
Virtual Machines,Easv6-series,GA,GA,GA,GA,GA,,,,GA,GA,GA,GA,GA,,GA,GA,,GA,,,GA,GA,GA,,GA,GA,GA,GA,GA,GA,GA,GA,GA,GA,GA,GA,GA,GA,,GA,GA,,,GA,GA,,GA,GA,,GA,GA,GA,GA,,GA,GA,GA,,GA,GA,GA,GA,GA,GA,GA,GA,GA,GA,GA
Virtual Machines,Easv7-series,,,GA,,,,,,,,,GA,,,,,,,,,,,GA,,,,,GA,,,,GA,,,,,,,,,GA,,,,,,,GA,,GA,,,,,,,,,GA,,,,,,GA,,,GA,GA
Virtual Machines,EAv4-Series,GA,GA,GA,GA,GA,GA,GA,GA,GA,GA,GA,GA,GA,,GA,GA,,GA,GA,GA,GA,GA,GA,,GA,GA,GA,GA,GA,GA,GA,GA,GA,GA,GA,GA,GA,,,GA,GA,GA,GA,GA,GA,GA,GA,GA,GA,GA,GA,GA,GA,GA,GA,GA,GA,GA,GA,GA,GA,GA,GA,GA,GA,GA,GA,GA,GA
Virtual Machines,Ebdsv5-series,GA,GA,GA,GA,GA,GA,GA,GA,GA,GA,GA,GA,,,GA,GA,,GA,GA,GA,GA,GA,GA,,GA,GA,GA,GA,GA,GA,GA,GA,GA,GA,GA,GA,GA,GA,,GA,GA,GA,GA,GA,GA,GA,GA,GA,GA,GA,GA,GA,GA,GA,GA,GA,GA,GA,GA,GA,GA,GA,GA,GA,GA,GA,GA,GA,GA
Virtual Machines,Ebsv5-series,GA,GA,GA,GA,GA,GA,GA,GA,GA,GA,GA,GA,,,GA,GA,,GA,GA,GA,GA,GA,GA,,GA,GA,GA,GA,GA,GA,GA,GA,GA,GA,GA,GA,GA,GA,,GA,GA,GA,GA,GA,GA,GA,GA,GA,GA,GA,GA,GA,GA,GA,GA,GA,GA,GA,GA,GA,GA,GA,GA,GA,GA,GA,GA,GA,GA
Virtual Machines,ECads_cc_v5-series,,,,,,,,,,,Preview,,,,,,,,,,,Preview,,,,,,,,,Preview,Preview,,,,,,,,,Preview,,,,,,,,,,,,,Preview,,,,,,,,,,,Preview,,Preview,,
Virtual Machines,ECadsv5-series,,,,,,,,,,,GA,,,,,,,,,,GA,GA,,,,,,GA,,,GA,GA,,,,,,,,,GA,,,,,,,,,GA,,,,GA,,,,GA,,,,,,,GA,,GA,,
Virtual Machines,ECadsv6-series,,,GA,,,,,,GA,GA,,,,,,,,,,,,,,,,GA,GA,GA,,,GA,,,GA,,,,,,,,GA,GA,,,GA,,,,,,,,GA,,,,GA,GA,,GA,,GA,GA,GA,,GA,,GA
Virtual Machines,ECas_cc_v5-series,,,,,,,,,,,Preview,,,,,,,,,,,Preview,,,,,,,,,Preview,Preview,,,,,,,,,Preview,,,,,,,,,,,,,Preview,,,,,,,,,,,Preview,,Preview,,
Virtual Machines,ECasv5-series,,,,,,,,,,,GA,,,,,,,,,,GA,GA,,,,,,GA,,,GA,GA,,,,,,,,,GA,,,,,,,,,GA,,,,GA,,,,GA,,,,,,,GA,,GA,,
Virtual Machines,ECasv6-series,,,GA,,,,,,GA,GA,,,,,,,,,,,,,,,,GA,GA,GA,,,GA,,,GA,,,,,,,,GA,GA,,,GA,,,,,,,,GA,,,,GA,GA,,GA,,GA,GA,GA,,GA,,GA
Virtual Machines,ECedsv5-series,,,,,,,,,,,,Closing Down,,,,,,,,,,,Closing Down,,,,,,,,,,,,,,,,,,Closing Down,,,,,,,,,,,,,,,,,,,,,,,,Closing Down,,,,
Virtual Machines,ECesv5-series,,,,,,,,,,,,Closing Down,,,,,,,,,,,Closing Down,,,,,,,,,,,,,,,,,,Closing Down,,,,,,,,,,,,,,,,,,,,,,,,Closing Down,,,,
Virtual Machines,Edsv4-series,GA,,GA,GA,,GA,GA,GA,GA,GA,GA,GA,GA,,GA,GA,,GA,GA,GA,GA,GA,GA,,GA,GA,,GA,GA,GA,GA,GA,GA,GA,GA,GA,GA,GA,,GA,GA,GA,GA,GA,GA,GA,GA,GA,GA,GA,GA,GA,,GA,GA,GA,GA,GA,GA,GA,GA,GA,GA,GA,GA,GA,GA,GA,GA
Virtual Machines,Edsv5-series,GA,GA,GA,GA,GA,GA,GA,GA,GA,GA,GA,GA,GA,,GA,GA,,GA,GA,,GA,GA,GA,,GA,GA,GA,GA,GA,GA,GA,GA,GA,GA,GA,,GA,GA,,GA,GA,GA,GA,GA,GA,GA,GA,GA,GA,GA,GA,GA,GA,GA,GA,GA,GA,GA,GA,GA,GA,GA,GA,GA,GA,GA,GA,GA,GA
Virtual Machines,Edsv6-series,,,GA,,,,GA,,GA,,GA,GA,,,,,,,GA,,,,GA,,GA,,,GA,,GA,GA,GA,,GA,,,,,,GA,GA,GA,,GA,,GA,,GA,,,GA,GA,,GA,,GA,,GA,GA,,,,GA,,,,GA,GA,GA
Virtual Machines,Edv4-series,GA,,GA,GA,,,GA,GA,GA,GA,GA,GA,GA,,GA,GA,,GA,GA,GA,GA,GA,GA,,GA,GA,,GA,GA,GA,GA,GA,GA,GA,GA,GA,GA,GA,,GA,GA,GA,GA,GA,GA,GA,GA,GA,GA,GA,GA,GA,,GA,GA,GA,GA,GA,GA,GA,GA,GA,GA,GA,GA,GA,GA,GA,GA
Virtual Machines,Edv5-Series,GA,GA,GA,GA,GA,GA,GA,GA,GA,GA,GA,GA,GA,,GA,GA,,GA,GA,GA,GA,GA,GA,,GA,GA,GA,GA,GA,GA,GA,GA,GA,GA,GA,,GA,GA,,GA,GA,GA,GA,GA,GA,GA,GA,GA,GA,GA,GA,GA,GA,GA,GA,GA,GA,GA,GA,GA,GA,GA,GA,GA,GA,GA,GA,GA,GA
Virtual Machines,Epdsv5-Series,,,GA,,,,,,,,GA,GA,,,,,,,,,GA,GA,GA,,GA,,,GA,,,,GA,,,,,,,,GA,GA,,,,,,,GA,,GA,,GA,,,,,,,GA,,,,,GA,GA,,GA,GA,GA
Virtual Machines,Epdsv6-series,,,GA,GA,,,GA,,GA,GA,GA,GA,,,,,,,GA,,GA,GA,GA,,GA,,,GA,,,GA,GA,GA,GA,,,GA,GA,,GA,GA,GA,,GA,,GA,,GA,,GA,GA,GA,,GA,,,,GA,GA,GA,,,GA,GA,GA,,GA,GA,GA
Virtual Machines,Epsv5-Series,,,GA,,,,,,,,GA,GA,,,,,,,,,GA,GA,GA,,GA,,,GA,,,,GA,,,,,,,,GA,GA,,,,,,,GA,,GA,,GA,,,,,,,GA,,,,,GA,GA,,GA,GA,GA
Virtual Machines,Epsv6-series,,,GA,GA,,,GA,,GA,GA,GA,GA,,,,,,,GA,,GA,GA,GA,,GA,,,GA,,,GA,GA,GA,GA,,,GA,GA,,GA,GA,GA,,GA,,GA,,GA,,GA,GA,GA,,GA,,,,GA,GA,GA,,,GA,GA,GA,,GA,GA,GA
Virtual Machines,ESv3-Series,GA,GA,GA,GA,GA,,GA,GA,GA,GA,GA,GA,,,GA,GA,,GA,GA,GA,GA,GA,GA,,GA,GA,GA,GA,GA,GA,GA,GA,GA,GA,GA,,GA,GA,,GA,GA,GA,GA,GA,GA,GA,GA,GA,GA,GA,GA,GA,GA,GA,GA,GA,GA,GA,GA,GA,GA,GA,GA,GA,GA,GA,GA,GA,GA
Virtual Machines,Esv4-series,GA,,GA,GA,,,GA,GA,GA,GA,GA,GA,GA,,GA,GA,,GA,GA,GA,GA,GA,GA,,GA,GA,,GA,GA,GA,GA,GA,GA,GA,GA,GA,GA,GA,,GA,GA,GA,GA,GA,GA,GA,GA,GA,GA,GA,GA,GA,,GA,GA,GA,GA,GA,GA,GA,GA,GA,GA,GA,GA,GA,GA,GA,GA
Virtual Machines,Esv5-series,GA,GA,GA,GA,GA,GA,GA,GA,GA,GA,GA,GA,GA,,GA,GA,,GA,GA,GA,GA,GA,GA,,GA,GA,GA,GA,GA,GA,GA,GA,GA,GA,GA,,GA,GA,,GA,GA,GA,GA,GA,GA,GA,GA,GA,GA,GA,GA,GA,GA,GA,GA,GA,GA,GA,GA,GA,GA,GA,GA,GA,GA,GA,GA,GA,GA
Virtual Machines,Esv6-series,,,GA,,,,GA,,GA,,GA,GA,,,,,,,GA,,,GA,GA,,GA,,,GA,,GA,GA,GA,,GA,,,,,,GA,GA,GA,,GA,,GA,,GA,,GA,GA,GA,,GA,,GA,,GA,GA,,,,GA,,GA,,GA,GA,GA
Virtual Machines,Ev3-Series,GA,GA,GA,GA,GA,,GA,GA,GA,GA,GA,GA,,GA,GA,GA,,GA,GA,,GA,GA,GA,,GA,GA,GA,GA,GA,GA,GA,GA,GA,GA,GA,,GA,GA,,GA,GA,GA,GA,GA,GA,GA,GA,GA,GA,GA,GA,GA,GA,GA,GA,GA,GA,GA,GA,GA,GA,GA,GA,GA,GA,GA,GA,GA,GA
Virtual Machines,Ev4-series,GA,GA,GA,GA,GA,,GA,GA,GA,GA,GA,GA,GA,GA,GA,GA,GA,GA,GA,GA,GA,GA,GA,,GA,GA,GA,GA,GA,GA,GA,GA,GA,GA,GA,GA,GA,GA,,GA,GA,GA,GA,GA,GA,GA,GA,GA,GA,GA,GA,GA,GA,GA,GA,GA,GA,GA,GA,GA,GA,GA,GA,GA,GA,GA,GA,GA,GA
Virtual Machines,Ev5-Series,GA,GA,GA,GA,GA,GA,GA,GA,GA,GA,GA,GA,GA,,GA,GA,,GA,GA,GA,GA,GA,GA,,GA,GA,GA,GA,GA,GA,GA,GA,GA,GA,GA,,GA,GA,,GA,GA,GA,GA,GA,GA,GA,GA,GA,GA,GA,GA,GA,GA,GA,GA,GA,GA,GA,GA,GA,GA,GA,GA,GA,GA,GA,GA,GA,GA
Virtual Machines,F-Series,Closing Down,Closing Down,Closing Down,Closing Down,Closing Down,,Closing Down,Closing Down,Closing Down,Closing Down,Closing Down,Closing Down,,Closing Down,Closing Down,Closing Down,Closing Down,Closing Down,Closing Down,Closing Down,Closing Down,Closing Down,Closing Down,,Closing Down,Closing Down,Closing Down,Closing Down,Closing Down,Closing Down,Closing Down,Closing Down,Closing Down,Closing Down,Closing Down,,Closing Down,Closing Down,,Closing Down,Closing Down,Closing Down,Closing Down,Closing Down,Closing Down,Closing Down,Closing Down,Closing Down,Closing Down,Closing Down,Closing Down,Closing Down,Closing Down,Closing Down,Closing Down,Closing Down,Closing Down,Closing Down,Closing Down,Closing Down,Closing Down,Closing Down,Closing Down,Closing Down,Closing Down,Closing Down,Closing Down,Closing Down,Closing Down
Virtual Machines,Fadsv7-series,,,GA,,,,,,,,,GA,,,,,,,,,,,GA,,,,,GA,,,,GA,,,,,,,,,GA,,,,,,,GA,,GA,,,,,,,,,GA,,,,,,GA,,,GA,GA
Virtual Machines,Faldsv7-series,,,GA,,,,,,,,,GA,,,,,,,,,,,GA,,,,,GA,,,,GA,,,,,,,,,GA,,,,,,,GA,,GA,,,,,,,,,GA,,,,,,GA,,,GA,GA
Virtual Machines,Falsv6-series,GA,GA,GA,GA,GA,,,,GA,GA,GA,GA,GA,,GA,GA,,GA,,,GA,GA,GA,,GA,GA,GA,GA,GA,GA,GA,GA,GA,GA,GA,GA,GA,GA,,GA,GA,,,GA,GA,,GA,GA,,GA,GA,GA,GA,,GA,GA,GA,,GA,GA,GA,GA,GA,GA,GA,GA,GA,GA,GA
Virtual Machines,Falsv7-series,,,GA,,,,,,,,,GA,,,,,,,,,,,GA,,,,,GA,,,,GA,,,,,,,,,GA,,,,,,,GA,,GA,,,,,,,,,GA,,,,,,GA,,,GA,GA
Virtual Machines,Famdsv7-series,,,GA,,,,,,,,,GA,,,,,,,,,,,GA,,,,,GA,,,,GA,,,,,,,,,GA,,,,,,,GA,,GA,,,,,,,,,GA,,,,,,GA,,,GA,GA
Virtual Machines,Famsv6-series,GA,GA,GA,GA,GA,,,,GA,GA,GA,GA,GA,,GA,GA,,GA,,,GA,GA,GA,,GA,GA,GA,GA,GA,GA,GA,GA,GA,GA,GA,GA,GA,GA,,GA,GA,,,GA,GA,,GA,GA,,GA,GA,GA,GA,,GA,GA,GA,,GA,GA,GA,GA,GA,GA,GA,GA,GA,GA,GA
Virtual Machines,Famsv7-series,,,GA,,,,,,,,,GA,,,,,,,,,,,GA,,,,,GA,,,,GA,,,,,,,,,GA,,,,,,,GA,,GA,,,,,,,,,GA,,,,,,GA,,,GA,GA
Virtual Machines,Fasv6-series,GA,GA,GA,GA,GA,,,,GA,GA,GA,GA,GA,,GA,GA,,GA,,,GA,GA,GA,,GA,GA,GA,GA,GA,GA,GA,GA,GA,GA,GA,GA,GA,GA,,GA,GA,,,GA,GA,,GA,GA,,GA,GA,GA,GA,,GA,GA,GA,,GA,GA,GA,GA,GA,GA,GA,GA,GA,GA,GA
Virtual Machines,Fasv7-series,,,GA,,,,,,,,,GA,,,,,,,,,,,GA,,,,,GA,,,,GA,,,,,,,,,GA,,,,,,,GA,,GA,,,,,,,,,GA,,,,,,GA,,,GA,GA
Virtual Machines,FS-Series,Closing Down,Closing Down,Closing Down,Closing Down,Closing Down,,Closing Down,Closing Down,Closing Down,Closing Down,Closing Down,Closing Down,,Closing Down,Closing Down,Closing Down,Closing Down,Closing Down,Closing Down,Closing Down,Closing Down,Closing Down,Closing Down,,Closing Down,Closing Down,Closing Down,Closing Down,Closing Down,Closing Down,Closing Down,Closing Down,Closing Down,Closing Down,Closing Down,,Closing Down,Closing Down,,Closing Down,Closing Down,Closing Down,Closing Down,Closing Down,Closing Down,Closing Down,Closing Down,Closing Down,Closing Down,Closing Down,Closing Down,Closing Down,Closing Down,Closing Down,Closing Down,Closing Down,Closing Down,Closing Down,Closing Down,Closing Down,Closing Down,Closing Down,Closing Down,Closing Down,Closing Down,Closing Down,Closing Down,Closing Down,Closing Down
Virtual Machines,Fsv2-Series,Closing Down,Closing Down,Closing Down,Closing Down,,,Closing Down,Closing Down,Closing Down,Closing Down,Closing Down,Closing Down,,,Closing Down,,,Closing Down,Closing Down,Closing Down,Closing Down,Closing Down,Closing Down,,Closing Down,Closing Down,,Closing Down,Closing Down,,,Closing Down,Closing Down,Closing Down,Closing Down,,,,,Closing Down,Closing Down,Closing Down,Closing Down,Closing Down,Closing Down,Closing Down,,Closing Down,Closing Down,Closing Down,,Closing Down,,Closing Down,Closing Down,Closing Down,Closing Down,Closing Down,Closing Down,Closing Down,Closing Down,Closing Down,Closing Down,,Closing Down,Closing Down,Closing Down,Closing Down,Closing Down
Virtual Machines,FX-series,,,,,,,,,,,,,,,,,,,,,,GA,,,,,,,,,,GA,,GA,,,,,,,,,,,,,,,,,,,,,,,,,,,,,,,GA,,,GA,
Virtual Machines,FXmdsv2-series,,,GA,,,,,,GA,,GA,GA,,,,,,,,,,GA,GA,,GA,,,GA,,,,GA,,GA,,,,,,,GA,,,,,GA,,GA,,GA,,GA,,GA,,GA,,GA,GA,,,,,,GA,,GA,GA,GA
Virtual Machines,FXmsv2-series,,,GA,,,,,,GA,,GA,GA,,,,,,,,,,GA,GA,,GA,,,GA,,,,GA,,GA,,,,,,,GA,,,,,GA,,GA,,GA,,GA,,GA,,GA,,GA,GA,,,,,,GA,,GA,GA,GA
Virtual Machines,G-Series,,,Closing Down,,,,,,Closing Down,Closing Down,,,,,,,,,,,,,Closing Down,,,,,,,,,Closing Down,,,,,,,,,Closing Down,,,,,,,,,Closing Down,,,,,,,,,Closing Down,,,,Closing Down,,Closing Down,,Closing Down,Closing Down,
Virtual Machines,GS-Series,,,Closing Down,,,,,,Closing Down,Closing Down,,,,,,,,,,,,,Closing Down,,,,,,,,,Closing Down,,,,,,,,,Closing Down,,,,,,,,,Closing Down,,,,,,,,,Closing Down,,,,Closing Down,,Closing Down,,Closing Down,Closing Down,
Virtual Machines,H-Series,,,Closing Down,,,,,,,,Closing Down,,,,,,,,,,,Closing Down,,,,,,,,,,Closing Down,,,,,,,,Closing Down,Closing Down,,,,,,,Closing Down,,Closing Down,,,,,,,,,Closing Down,,Closing Down,,,,Closing Down,,Closing Down,Closing Down,
Virtual Machines,HBv2-Series,,,Closing Down,,,,Closing Down,,Closing Down,,,,,,,,,,,,,Closing Down,,,,,,,,,,Closing Down,,,,,,,,Closing Down,,,,,Closing Down,,,Closing Down,,,,,,,,,,Closing Down,,,,,Closing Down,,Closing Down,,,Closing Down,
Virtual Machines,HBv3-series,,,,,,,,,,,GA,,,,,,,,GA,,,GA,,,,,,,,,,GA,,,,,,,,,,,,,,,,GA,,,,,,,,,,,GA,,,,,,GA,,,,GA
Virtual Machines,HBv4 series,,,GA,,,,,,,,,,,,,,,,,,,GA,GA,,,,,,,,,,,GA,,,,,,,,,,,,,,GA,,GA,,GA,,,,,,,,,,,GA,,,,,,
Virtual Machines,HBv5-series,,,,,,,,,,,,,,,,,,,,,,,,,,,,,,,,,,,,,,,,,,,,,,,,GA,,,,,,,,,,,,,,,,,,,,,
Virtual Machines,HCv1-Series,,,Closing Down,,,,Closing Down,,,,Closing Down,,,,,,,,,,,Closing Down,,,,,,,,,,Closing Down,,Closing Down,,,,,,,Closing Down,,,,,,,Closing Down,,Closing Down,,,,,,,,,,,,,Closing Down,,Closing Down,,,Closing Down,
Virtual Machines,HX-series,,,GA,,,,,,,,,,,,,,,,,,,GA,GA,,,,,,,,,,,GA,,,,,,,,,,,,,,GA,,GA,,GA,,,,,,,,,,,GA,,,,,,
Virtual Machines,Internal GPGen8 series,,,GA,,,,,,,,,,,,,,,,,,,,,,,,,,,,,,,,,,,,,,,,,,,,,,,,,,,,,,,,,,,,,,,,,,
Virtual Machines,Laosv4-series,,,,,,,,,,,,GA,,,,,,,,,,GA,GA,,,,,,,,,,,,,,,,,,GA,,,,,,,GA,,,,,,,,,,,GA,,,,,,GA,,GA,GA,GA
Virtual Machines,Lasv3-series,GA,GA,GA,GA,GA,GA,GA,GA,GA,GA,GA,GA,GA,,,GA,,,GA,,,GA,GA,,GA,GA,GA,GA,GA,,GA,GA,GA,GA,GA,GA,GA,GA,,GA,GA,GA,GA,GA,GA,GA,GA,GA,GA,GA,,GA,GA,GA,GA,GA,GA,GA,GA,GA,GA,GA,GA,GA,GA,GA,GA,GA,GA
Virtual Machines,Lasv4 Series,,,,,,,,,,,,GA,,,,,,,,,,GA,GA,,,,,,,,,,,,,,,,,,GA,,,,,,,GA,,,,,,,,,,,GA,,,,,,GA,,GA,GA,GA
Virtual Machines,LS-Series,,,Closing Down,,,,,,Closing Down,Closing Down,,,,,,,,,,,,,Closing Down,,,,,,,,,Closing Down,,,,,,,,,,,,,,,,,,Closing Down,,,,,,,,,Closing Down,,,,Closing Down,,Closing Down,,Closing Down,Closing Down,
Virtual Machines,LSv2-Series,,,Closing Down,,,,,,,,Closing Down,Closing Down,,,,,,,,,,Closing Down,Closing Down,,Closing Down,,,Closing Down,,,,Closing Down,,,,,,,,,Closing Down,,,,,,,Closing Down,,Closing Down,,,,,,,,,Closing Down,,Closing Down,,Closing Down,,Closing Down,,Closing Down,Closing Down,
Virtual Machines,Lsv3-series,GA,GA,GA,GA,GA,,GA,GA,GA,GA,GA,GA,GA,,,GA,,,GA,,GA,GA,GA,,GA,GA,GA,GA,GA,,GA,GA,GA,GA,GA,GA,,,,GA,GA,GA,GA,GA,GA,GA,GA,GA,GA,GA,GA,GA,GA,GA,GA,,GA,GA,GA,GA,,GA,GA,GA,GA,GA,GA,GA,GA
Virtual Machines,Lsv4 Series,,,GA,,,,,,GA,,GA,GA,,,,,,,,,,GA,GA,,,,,GA,,,,,GA,GA,,,,,,,,,,,,GA,,GA,,,,GA,,,,,,,,,,,,,GA,,,,GA
Virtual Machines,M-Series,GA,GA,GA,GA,,,GA,GA,GA,GA,GA,GA,,,GA,GA,,GA,GA,,GA,GA,GA,,GA,,GA,GA,,,GA,GA,GA,GA,GA,,GA,,,GA,GA,GA,,GA,GA,GA,GA,GA,GA,GA,,GA,,GA,GA,,GA,GA,GA,GA,GA,,GA,,GA,,GA,GA,GA
Virtual Machines,Mbdsv3 Series,,,,,,,,,,,,GA,,,,,,,,,,GA,GA,,,,,,,,,,,,,,,,,GA,GA,,,,,,,GA,,GA,,GA,,,,,,,,,,,,,GA,,,GA,GA
Virtual Machines,Mbsv3 Series,,,,,,,,,,,,GA,,,,,,,,,,GA,GA,,,,,,,,,,,,,,,,,GA,GA,,,,,,,GA,,GA,,GA,,,,,,,,,,,,,GA,,,GA,GA
Virtual Machines,Mdsv2 Medium Memory Series,GA,,GA,,,,GA,GA,GA,GA,GA,GA,,,,GA,,GA,GA,,GA,GA,GA,,GA,,,GA,,,GA,GA,GA,GA,,,GA,,,GA,GA,GA,,GA,GA,GA,,GA,,GA,,GA,,GA,,,GA,GA,GA,GA,,,GA,,GA,,GA,GA,GA
Virtual Machines,Mdsv3 High Memory Series,,,,,,,,,,,,GA,,,,,,,,,,GA,GA,,,,,GA,,,GA,,,,,,,,,,GA,,,,,,,GA,,GA,,,,,,,,,,,GA,,GA,,GA,,,GA,GA
Virtual Machines,Mdsv3 Medium Memory Series,,,GA,,,,,,,,GA,GA,,,,,,,GA,,GA,GA,GA,,,,,,,,,,,GA,,,,GA,,,GA,,,,,,,GA,,GA,,GA,,,,GA,,,,,,,,,GA,,,GA,GA
Virtual Machines,Msv2 Medium Memory Series,GA,,GA,,,,GA,GA,GA,GA,GA,GA,,,,GA,,GA,GA,,GA,GA,GA,,GA,,,GA,,,GA,GA,GA,GA,,,GA,,,GA,GA,GA,,GA,GA,GA,,GA,GA,GA,,GA,,GA,,,GA,GA,GA,GA,,,GA,,GA,,GA,GA,GA
Virtual Machines,Msv3 High Memory Series,,,,,,,,,,,,GA,,,,,,,,,,GA,GA,,,,,GA,,,GA,,,,,,,,,,GA,,,,,,,GA,,GA,,GA,,,,,,,,,GA,,GA,,GA,,,GA,GA
Virtual Machines,Msv3 Medium Memory Series,,,GA,,,,,,,,GA,GA,,,,,,,GA,,GA,GA,GA,,,,,GA,GA,,,GA,GA,GA,,,,GA,,GA,GA,,,,,,,GA,GA,GA,,GA,,GA,,GA,,GA,GA,,,,,,GA,,,GA,GA
Virtual Machines,Mv2 SKL-series,GA,GA,GA,GA,,,GA,GA,GA,GA,GA,GA,,,,GA,,,GA,,GA,GA,GA,,,,,GA,,,,GA,GA,,GA,,,,,GA,GA,,,,,GA,,GA,GA,GA,,GA,,GA,GA,,GA,GA,GA,GA,GA,,GA,,GA,,GA,GA,GA
Virtual Machines,NCads A100 v4-Series,,,GA,,,GA,GA,,GA,,GA,GA,,,,GA,,,,,,GA,GA,,GA,,,,,,GA,GA,,GA,,,,,,,GA,,,,,,,GA,,GA,,GA,,GA,,,,,GA,,,,,,GA,,GA,GA,GA
Virtual Machines,NCadsH100_v5-series,,,,,,,,,,,,GA,,,,,,,,,,GA,GA,,,,,GA,GA,,,GA,,GA,,,,,,,GA,,,,,,,GA,,GA,GA,GA,,GA,,,,,GA,,,,,,GA,,GA,GA,GA
Virtual Machines,NCas T4 v3-Series,GA,GA,GA,,,,GA,,GA,,GA,GA,,,,,,,GA,,,GA,GA,,,,,GA,,,GA,GA,GA,GA,,,,,,GA,GA,,,,,,,GA,GA,GA,,GA,,,,,,,GA,,,,GA,,GA,,GA,GA,GA
Virtual Machines,NCCadsH100_v5-series,,,,,,,,,,,,GA,,,,,,,,,,,GA,,,,,,,,,,,,,,,,,,,,,,,,,,,,,,,,,,,,,,,,,,GA,,,,
Virtual Machines,NCv3-Series,,,Closing Down,,,,,,Closing Down,,Closing Down,Closing Down,,,Closing Down,,,Closing Down,Closing Down,,Closing Down,Closing Down,Closing Down,,Closing Down,,,,,,,Closing Down,,Closing Down,,,,,,,Closing Down,,,,,,,Closing Down,,Closing Down,,,,Closing Down,,,,,Closing Down,,Closing Down,,Closing Down,,Closing Down,,Closing Down,Closing Down,Closing Down
Virtual Machines,NDamsr A100 v4-Series,,,,,,,,,,,,,,,,,,,,,,,GA,,,,,,,,,,,,,,,,,,,,,,,,,GA,,,,,,,,,,,,,,,,,GA,,,,
Virtual Machines,NDasr A100 v4-Series,,,,,,GA,,,,,,,,,,,,,,,,GA,,,,,,,,,,,,,,,,,,,,,,,,,,GA,,,,,,,,,,,GA,,,,GA,,GA,,,GA,
Virtual Machines,NDsr H100 v5-Series,,,GA,,,,,,,,,GA,,,,,,,,,,GA,GA,,,,,,,,,GA,,GA,,,,,,,,,,,,GA,,,,,,GA,,,,GA,,GA,,,GA,,,,GA,,GA,,
Virtual Machines,NDsr H200 v5-Series,,,GA,,,,,,,,,,,,,,,,,,,,GA,,GA,,,,,,GA,,GA,,GA,,GA,,,GA,,GA,,,,GA,,,,,GA,,,,,,,GA,GA,GA,,,,,,,,,GA
Virtual Machines,NDsr MI300X v5-Series,,,,,,,,,GA,,,,,,,,,,,,,,,,GA,,,,,,,,,,,,,,,,,,,,,,,,,,,GA,,,,,,,GA,,,,,,,,GA,,
Virtual Machines,NDv2-Series,,,,,,,,,,,,,,,,,,,,,,GA,,,,,,,,,,,,,,,,,,,,,,,,,,GA,,,,,,,,,,,,,,,,,GA,,,GA,
Virtual Machines,NGads_V620_v1-series,,,,,,,,,,,,,,,,,,,,,,,GA,,,,,,,,,,,,,,,,,,,,,,,,,,,,,GA,,,,,,,,,,,,,GA,,,,
Virtual Machines,NP-series,,,,,,,,,Closing Down,,,,,,,,,,,,,Closing Down,,,,,,,,,,Closing Down,,,,,,,,,,,,,,,,Closing Down,,Closing Down,,,,,,,,,,,,,,,Closing Down,,,Closing Down,
Virtual Machines,NVads_V710_v5-series,,,,,,,,,,,,,,,,,,,,,,GA,,,,,,,,,,,,,,,,,,GA,,,,,,,,GA,,,,,,,,,,,,,,,,,GA,,GA,,
Virtual Machines,NVadsA10_v5-series,,,GA,,,,GA,,GA,,GA,,,,,,,,GA,,GA,GA,GA,,GA,,,GA,,,GA,GA,,GA,,,,,,GA,GA,,,,GA,GA,,GA,,GA,,GA,,GA,,,,GA,GA,,GA,,GA,,GA,,GA,GA,GA
Virtual Machines,NVv3-Series,,,Closing Down,,,,Closing Down,,,,Closing Down,,,,,,,,,,,Closing Down,Closing Down,,Closing Down,,,,,,,Closing Down,,,,,,,,,Closing Down,Closing Down,Closing Down,,,Closing Down,,Closing Down,,Closing Down,,,,Closing Down,,,,Closing Down,Closing Down,,Closing Down,,Closing Down,,Closing Down,,Closing Down,Closing Down,
Virtual Machines,NVv4-Series,,,Closing Down,,,,,,Closing Down,,Closing Down,,,,,,,,Closing Down,,,Closing Down,Closing Down,,,,,Closing Down,,,,Closing Down,,Closing Down,,,,,,Closing Down,Closing Down,,,,,,,Closing Down,,Closing Down,Closing Down,,,,,,,,Closing Down,,,,Closing Down,,Closing Down,,,Closing Down,Closing Down
Virtual Machines,Serial Console,,,GA,,,,GA,,GA,,GA,GA,,,GA,,,,GA,GA,GA,GA,GA,,GA,,,GA,GA,GA,GA,GA,GA,GA,,,GA,GA,,GA,GA,GA,,GA,GA,GA,,GA,,GA,GA,GA,GA,GA,,,GA,,GA,,GA,,GA,,GA,GA,GA,GA,
Virtual Machines,SpotBlock-Series,,,,,,,,,,,,,,,,,,,,,,,GA,,,,,,,,,,,,,,,,,,,,,,,,,,,,,,,,,,,,,,,,,,,,,,
Virtual Machines Licenses,Offer Coverage,,,,,,,,,,,,,,,,,,,,,,,,,,,,,,,,,,,,,,,GA,,,,,,,,,,,,,,,,,,,,,,,,,,,,,,
Virtual Network,Offer Coverage,GA,GA,GA,GA,GA,,GA,GA,GA,GA,GA,GA,GA,GA,GA,GA,GA,GA,GA,GA,GA,GA,GA,,GA,GA,GA,GA,GA,GA,GA,GA,GA,GA,GA,GA,GA,GA,,GA,GA,GA,GA,GA,GA,GA,GA,GA,GA,GA,GA,GA,GA,GA,GA,GA,GA,GA,GA,GA,GA,GA,GA,GA,GA,GA,GA,GA,GA
Virtual Network,Global Vnet Peering,GA,GA,GA,GA,GA,GA,GA,GA,GA,GA,GA,GA,GA,GA,GA,GA,GA,GA,GA,GA,GA,GA,GA,GA,GA,GA,GA,GA,GA,GA,GA,GA,GA,GA,GA,,GA,GA,,GA,GA,GA,GA,GA,GA,GA,GA,GA,GA,GA,GA,GA,GA,GA,GA,GA,GA,GA,GA,GA,GA,GA,GA,GA,GA,GA,GA,GA,GA
Virtual Network,Virtual Network Peering,GA,GA,GA,GA,GA,GA,GA,GA,GA,GA,GA,GA,GA,GA,GA,GA,GA,GA,GA,GA,GA,GA,GA,GA,GA,GA,GA,GA,GA,GA,GA,GA,GA,GA,GA,,GA,GA,,GA,GA,GA,GA,GA,GA,GA,GA,GA,GA,GA,GA,GA,GA,GA,GA,GA,GA,GA,GA,GA,GA,GA,GA,GA,GA,GA,GA,GA,GA
Virtual Network NAT,Offer Coverage,GA,GA,GA,GA,GA,GA,GA,,GA,GA,GA,GA,GA,GA,GA,GA,GA,GA,GA,GA,GA,GA,GA,GA,GA,GA,GA,GA,GA,GA,GA,GA,GA,GA,GA,,GA,GA,,GA,GA,GA,GA,GA,GA,GA,GA,GA,GA,GA,GA,GA,GA,GA,GA,GA,GA,GA,GA,GA,GA,GA,GA,GA,GA,GA,GA,GA,GA
Virtual WAN,Offer Coverage,GA,GA,GA,GA,,,GA,,GA,GA,GA,GA,,,GA,GA,,GA,GA,GA,GA,GA,GA,GA,GA,GA,GA,GA,GA,GA,GA,GA,GA,GA,GA,,GA,GA,,GA,GA,GA,GA,GA,GA,GA,GA,GA,GA,GA,,GA,GA,GA,GA,GA,GA,GA,GA,GA,GA,GA,GA,GA,GA,GA,GA,GA,GA
Virtual WAN,ExpressRoute,GA,GA,GA,GA,,,GA,,GA,GA,GA,GA,,,GA,GA,,GA,GA,GA,GA,GA,GA,,GA,GA,,GA,GA,GA,GA,GA,GA,GA,GA,,GA,GA,,GA,GA,GA,GA,GA,GA,GA,GA,GA,GA,GA,GA,GA,GA,GA,GA,GA,GA,GA,GA,GA,GA,GA,GA,GA,GA,GA,GA,GA,GA
Virtual WAN,Point-to-site VPN Gateway,GA,GA,GA,GA,,GA,GA,,GA,GA,GA,GA,,,GA,GA,,GA,GA,,GA,GA,GA,,GA,GA,,GA,GA,GA,GA,GA,GA,GA,GA,GA,GA,GA,,GA,GA,GA,GA,GA,GA,GA,GA,GA,GA,GA,GA,GA,GA,GA,GA,GA,GA,GA,GA,GA,GA,GA,GA,GA,GA,GA,GA,GA,GA
Virtual WAN,Site-to-Site VPN Gateway,GA,GA,GA,GA,,,GA,,GA,GA,GA,GA,,,GA,GA,,GA,GA,GA,GA,GA,GA,,GA,GA,GA,GA,GA,GA,GA,GA,GA,GA,GA,,GA,GA,,GA,GA,GA,GA,GA,GA,GA,GA,GA,GA,GA,GA,GA,GA,GA,GA,GA,GA,GA,GA,GA,GA,GA,GA,GA,GA,GA,GA,GA,GA
Visual Studio App Center,Offer Coverage,,,,,,,,,,,,,,,,,,,,,,,Closing Down,,,,,,,,,,,,,,,,,,,,,,,,,,,,,,,,,,,,,,,,,,,,,,
VMWatch,Offer Coverage,Preview,Preview,Preview,Preview,Preview,Preview,Preview,Preview,Preview,Preview,Preview,Preview,Preview,Preview,Preview,Preview,Preview,Preview,Preview,Preview,Preview,Preview,Preview,Preview,Preview,Preview,Preview,Preview,Preview,Preview,Preview,Preview,Preview,Preview,Preview,Preview,Preview,Preview,,Preview,Preview,Preview,Preview,Preview,Preview,Preview,Preview,Preview,Preview,Preview,Preview,Preview,Preview,Preview,Preview,Preview,Preview,Preview,Preview,Preview,Preview,Preview,Preview,Preview,Preview,Preview,Preview,Preview,Preview
VPN Gateway,Offer Coverage,GA,GA,GA,GA,GA,,GA,GA,GA,GA,GA,GA,GA,GA,GA,GA,GA,GA,GA,,GA,GA,GA,,GA,GA,GA,GA,GA,GA,GA,GA,GA,GA,GA,,GA,GA,,GA,GA,GA,GA,GA,GA,GA,GA,GA,GA,GA,GA,GA,GA,GA,GA,GA,GA,GA,GA,GA,GA,GA,GA,GA,GA,GA,GA,GA,GA