OfferingName,ProductSkuName,Australia Central,Australia Central 2 *,Australia East,Australia Southeast,Austria East,Belgium Central,Brazil South,Brazil Southeast,Canada Central,Canada East,Central India,Central US,Chile Central,China East,China East 2,China East 3 *,China North,China North 2,China North 3,Denmark East,East Asia,East US,East US 2,France Central,France South *,Germany North *,Germany West Central,India South Central,Indonesia Central,Israel Central,Italy North,Japan East,Japan West,Korea Central,Korea South *,Malaysia West,Mexico Central,New Zealand North,Non Regional,North Central US,North Europe,Norway East,Norway West *,Poland Central,Qatar Central,South Africa North,South Africa West *,South Central US,South India,Southeast Asia,Spain Central,Sweden Central,Sweden South *,Switzerland North,Switzerland West *,Taiwan North **,UAE Central *,UAE North,UK South,UK West,West Central US,West Europe,West India *,West US,West US 2,West US 3
API Management,General,GA,GA,GA,GA,GA,GA,GA,GA,GA,GA,GA,GA,GA,GA,GA,GA,GA,GA,GA,GA,GA,GA,GA,GA,GA,GA,GA,GA,GA,GA,GA,GA,GA,GA,GA,GA,GA,GA,,GA,GA,GA,GA,GA,GA,GA,GA,GA,GA,GA,GA,GA,,GA,GA,GA,GA,GA,GA,GA,GA,GA,GA,GA,GA,GA
App Service,General,GA,GA,GA,GA,GA,GA,GA,GA,GA,GA,GA,GA,GA,GA,GA,GA,GA,GA,GA,GA,GA,GA,GA,GA,GA,,GA,GA,GA,GA,GA,GA,GA,GA,GA,GA,GA,GA,,GA,GA,GA,GA,GA,GA,GA,GA,GA,GA,GA,GA,GA,GA,GA,GA,GA,GA,GA,GA,GA,GA,GA,GA,GA,GA,GA
App Service,App Service Environments,GA,GA,GA,GA,,,GA,GA,GA,GA,GA,GA,,,GA,,,GA,,,GA,GA,GA,GA,,GA,GA,,,,,GA,GA,GA,GA,GA,,,,GA,GA,GA,GA,,,GA,GA,GA,GA,GA,,,,GA,GA,,GA,GA,GA,GA,GA,GA,GA,GA,GA,GA
App Service,App Service Free,,,,,,GA,,,,,,,,,,,,,,,,,GA,,,,,,GA,,,,GA,,,,,,,,,,,,,,,,,,,,,,,GA,,,,,,,,,,
App Service,App Service Premium v3,GA,,GA,GA,GA,GA,GA,,GA,GA,GA,GA,GA,,,GA,,,GA,GA,GA,GA,GA,GA,,GA,GA,GA,GA,GA,GA,GA,GA,GA,,GA,GA,GA,,GA,GA,GA,,GA,GA,GA,,GA,GA,GA,GA,GA,GA,GA,,GA,,GA,GA,GA,GA,GA,,GA,GA,GA
Application Gateway,General,GA,GA,GA,GA,GA,GA,GA,GA,GA,GA,GA,GA,GA,GA,GA,GA,GA,GA,GA,GA,GA,,GA,GA,GA,GA,GA,GA,GA,GA,GA,GA,GA,GA,GA,GA,GA,GA,,GA,GA,GA,GA,GA,GA,GA,GA,GA,GA,GA,GA,GA,GA,GA,GA,GA,GA,GA,GA,GA,GA,GA,GA,GA,GA,GA
Application Gateway,Application Gateway for Containers,,,GA,,,,GA,,GA,,GA,GA,,,,,,,,,GA,GA,GA,GA,,,GA,,,,,GA,,GA,,,,,,GA,GA,GA,,,,,,GA,,GA,,GA,,GA,,,,GA,GA,,,GA,,GA,GA,GA
Application Gateway,Application Gateway v2,,GA,GA,GA,GA,GA,GA,,GA,GA,GA,GA,GA,,GA,GA,,GA,GA,,GA,GA,GA,GA,Preview,,GA,GA,GA,GA,,GA,GA,GA,GA,GA,,,,GA,GA,GA,GA,GA,GA,GA,GA,GA,GA,GA,,GA,GA,GA,,GA,,GA,GA,,,GA,GA,GA,GA,GA
Artifact Signing,General,,,,,,,,,,,,,,,,,,,,,,Preview,,,,,,,,,,,,,,,,,,,Preview,,,,,,,,,,,,,,,,,,,,Preview,Preview,,Preview,Preview,Preview
Automation,General,GA,GA,GA,GA,,,GA,GA,GA,GA,GA,GA,,,GA,GA,GA,GA,GA,,GA,GA,GA,GA,GA,GA,GA,,,GA,GA,GA,GA,GA,GA,,,,,GA,GA,GA,GA,GA,GA,GA,GA,GA,GA,GA,GA,GA,GA,GA,GA,GA,GA,GA,GA,GA,GA,GA,,GA,GA,GA
Automation,Change Tracking,,,Closing Down,,,,Closing Down,,Closing Down,,Closing Down,Closing Down,,,,,,,,,Closing Down,Closing Down,Closing Down,Closing Down,,,Closing Down,,,,,Closing Down,,Closing Down,,,,,,Closing Down,Closing Down,Closing Down,,,,,,Closing Down,,Closing Down,,Closing Down,,Closing Down,,,,Closing Down,Closing Down,,,Closing Down,,Closing Down,Closing Down,Closing Down
Automation,Update Management,,,GA,,,,GA,,GA,,GA,GA,,,GA,,,,,,GA,GA,GA,GA,,,,,,,,GA,,GA,,,,,,GA,GA,GA,,,,Preview,,GA,,GA,,,,GA,,,,GA,GA,,,GA,,GA,GA,
Azure Active Directory B2C,General,,,,,,,,,,,,,,,,,,,,,,,,,,,,,,,,,,,,,,,GA,,,,,,,,,,,,,,,,,,,,,,,,,,,
Azure Advisor,General,,,,,,,,,,,,,,,,,,,,,,,,,,,,,,,,,,,,,,,GA,,,,,,,,,,,,,,,,,,,,,,,,,,,
Azure Advisor,Azure Advisor Score,,,,,,,,,,,,,,,,,,,,,,,,,,,,,,,,,,,,,,,GA,,,,,,,,,,,,,,,,,,,,,,,,,,,
Azure AI Search,General,,,GA,GA,GA,GA,GA,,GA,GA,GA,GA,GA,,GA,GA,,GA,GA,GA,GA,GA,GA,GA,,GA,GA,GA,GA,GA,GA,GA,GA,GA,GA,GA,GA,GA,,GA,GA,GA,,GA,GA,GA,,GA,GA,GA,GA,GA,,GA,GA,GA,,GA,GA,GA,GA,GA,,GA,GA,GA
Azure AI Search,AI Enrichment,,,GA,,,,GA,,GA,,GA,GA,,,GA,,,,,,GA,GA,GA,GA,,,GA,,,,,GA,GA,GA,,,,,,GA,GA,GA,,,,GA,,GA,,GA,,GA,,GA,GA,,,GA,GA,,GA,GA,,GA,GA,GA
Azure AI Search,Semantic Ranker,,,GA,GA,,,GA,,GA,GA,GA,GA,,,,,,,GA,,GA,GA,GA,GA,,,GA,,,,GA,GA,GA,GA,GA,,,,,GA,GA,,,GA,GA,,,GA,,GA,,GA,,GA,GA,,,,GA,GA,GA,GA,,GA,GA,GA
Azure Analysis Services,General,,,GA,GA,,GA,GA,,GA,,,GA,,,GA,,GA,,,,,GA,GA,,,,,,,,,GA,GA,,,,,,,GA,GA,,,,,,,GA,,GA,,,,,,GA,,,GA,,GA,GA,GA,GA,GA,
Azure App Configuration,General,GA,GA,GA,GA,GA,GA,GA,GA,GA,GA,GA,GA,GA,,GA,GA,,GA,GA,GA,GA,GA,GA,GA,GA,GA,GA,,GA,GA,GA,GA,GA,GA,GA,GA,GA,GA,,GA,GA,GA,GA,GA,GA,GA,GA,GA,GA,GA,GA,GA,GA,GA,GA,GA,GA,GA,GA,GA,GA,GA,,GA,GA,GA
Azure App Service Static Web Apps,General,,,,,,,,,,,,,,,,,,,,,,,,,,,,,,,,,,,,,,,GA,,,,,,,,,,,,,,,,,,,,,,,,,,,
Azure App Service Static Web Apps,Static Web Apps Free,,,,,,,,,,,,,,,,,,,,,,,,,,,,,,,,,,,,,,,GA,,,,,,,,,,,,,,,,,,,,,,,,,,,
Azure App Service Static Web Apps,Static Web Apps Standard,,,,,,,,,,,,,,,,,,,,,,,,,,,,,,,,,,,,,,,GA,,,,,,,,,,,,,,,,,,,,,,,,,,,
Azure App Testing,General,,,GA,,,,GA,,GA,,GA,GA,,,,,,,,,GA,GA,GA,GA,,,GA,,,,GA,GA,,,,GA,,,,,GA,,,,,,,GA,,GA,,GA,,GA,,,,,GA,,,GA,,,GA,GA
Azure App Testing,Playwright Workspaces,,,,,,,,,,,,,,,,,,,,,GA,GA,,,,,,,,,,,,,,,,,,,,,,,,,,,,,,,,,,,,,,,,GA,,,,GA
Azure Applied AI Services,Azure AI Document Intelligence,,,GA,,GA,,GA,,GA,,GA,GA,,,GA,,,GA,GA,,GA,GA,GA,GA,,,GA,,,,,GA,GA,GA,,,,,,GA,GA,GA,,,GA,GA,,GA,,GA,,GA,,GA,GA,,,GA,GA,,GA,GA,,GA,GA,GA
Azure Applied AI Services,Azure AI Immersive Reader,,,GA,,,,GA,,GA,,GA,GA,,,,,,,,,GA,GA,GA,GA,,,GA,,,,,GA,GA,GA,,,,,,GA,GA,GA,,,,GA,,GA,,GA,,GA,,GA,GA,,,GA,GA,,GA,GA,,GA,GA,GA
Azure Applied AI Services,Azure Video Indexer,,,GA,,,,GA,,GA,,GA,GA,,,,,,,,,GA,GA,GA,GA,,,GA,,,,,GA,GA,GA,,,,,,,GA,,,,,,,GA,,GA,,Preview,,GA,GA,,,,GA,,GA,GA,,GA,GA,GA
Azure Arc Appliance,General,,,GA,,,,,,GA,,GA,GA,,,,,,,,,GA,GA,GA,,,,GA,,,,GA,GA,,,,,,,,GA,GA,,,,,,,GA,,GA,,GA,,,,,,,GA,GA,,GA,,,GA,GA
Azure Arc enabled Kubernetes,General,,,GA,GA,,,GA,,GA,GA,GA,GA,,,GA,,,GA,,,GA,GA,GA,GA,,,GA,,GA,Preview,GA,GA,GA,GA,,GA,,,,GA,GA,GA,,,,GA,,GA,GA,GA,,GA,,GA,,,,GA,GA,GA,GA,GA,,GA,GA,GA
Azure Arc enabled Kubernetes,Arc enabled Open Service Mesh,,,GA,,,,,,,,,GA,,,,,,,,,,GA,GA,,,,GA,,,,GA,,,,,,,,,,GA,,,,,,,GA,,GA,,GA,,,,,,,GA,,,GA,,,GA,GA
Azure Arc enabled System Center Virtual Machine Manager,General,,,GA,,,,,,,,,GA,,,,,,,,,,GA,GA,,,,,,,,,,,,,,,,,,GA,,,,,,,GA,,GA,,GA,,,,,,,GA,,,GA,,,GA,GA
Azure Arc enabled VMware vSphere,General,,,GA,,,,,,GA,,GA,GA,,,,,,,,,GA,GA,GA,,,,,,,,GA,GA,,,,,,,,GA,GA,,,,,,,GA,,GA,,GA,,,,,,,GA,GA,,GA,,,GA,GA
Azure Arc-enabled servers,General,,,GA,GA,,,GA,,GA,GA,GA,GA,,,GA,,,GA,GA,,GA,GA,GA,GA,,,GA,,GA,GA,GA,GA,GA,GA,GA,GA,,,,GA,GA,GA,,GA,GA,GA,,GA,GA,GA,GA,GA,,GA,GA,,,GA,GA,GA,GA,GA,,GA,GA,GA
Azure Arc-enabled SQL Server,General,,,GA,,,,GA,,GA,GA,GA,GA,,,,,,,,,,GA,GA,GA,,,,,,,,GA,,GA,,,,,,,GA,GA,,,,GA,,GA,,GA,,GA,,GA,,,,GA,GA,GA,GA,GA,,,GA,GA
Azure Automanage Machine Configuration,General,,,GA,,,,GA,,GA,GA,GA,GA,,,GA,,,,GA,,GA,GA,GA,GA,GA,,GA,,,,,GA,GA,GA,GA,,,,,GA,GA,GA,,,GA,GA,GA,GA,,GA,,GA,,GA,GA,,,GA,GA,,GA,GA,,GA,GA,GA
Azure Bastion,General,GA,GA,GA,GA,GA,GA,GA,GA,GA,GA,GA,GA,GA,,GA,GA,,GA,GA,GA,GA,GA,GA,GA,,,GA,GA,GA,GA,GA,GA,GA,GA,GA,GA,GA,GA,,GA,GA,GA,GA,GA,GA,GA,GA,GA,GA,GA,GA,GA,,GA,GA,GA,GA,GA,GA,GA,GA,GA,GA,GA,GA,GA
Azure Bastion,Bastion Developer,,,,,,,,,,,,,,,,,,,,,,,,,,,,,,,,,,,,,,,,Preview,Preview,,,,,,,,,,,,,,,,,,,,Preview,,,Preview,,
Azure Bastion,Bastion Standard SKU,GA,,GA,GA,GA,GA,GA,,GA,GA,GA,GA,GA,,,,,,,GA,GA,Preview,GA,GA,,,GA,,GA,GA,GA,GA,GA,GA,,GA,GA,GA,,GA,GA,Preview,,GA,GA,GA,,GA,GA,GA,GA,GA,,GA,,,,GA,GA,GA,GA,Preview,GA,GA,Preview,GA
Azure Blueprints,General,,,,,,,,,,,,,,,,,,,,,,,,,,,,,,,,,,,,,,,Preview,,,,,,,,,,,,,,,,,,,,,,,,,,,
Azure Bot Service,General,,,,,,,,,,,,,,,,,,,,,,,,,,,,,,,,,,,,,,,GA,,,,,,,,,,,,,,,,,,,,,,,,,,,
Azure Business Continuity Center,General,,,,,,,,,,,,,,,,,,,,,,,,,,,,,,,,,,,,,,,Preview,,,,,,,,,,,,,,,,,,,,,,,,,,,
Azure Carbon Optimization,General,,,,,,,,,,,,,,,,,,,,,,,,,,,,,,,,,,,,,,,GA,,,,,,,,,,,,,,,,,,,,,,,,,,,
Azure Center for SAP Solutions,General,GA,,GA,,,,GA,,GA,,GA,GA,,,,,,,,,GA,GA,GA,GA,,,GA,,,,GA,GA,,GA,,,,,,GA,GA,GA,,,,GA,,GA,,GA,,GA,,GA,,,,GA,GA,,,GA,,GA,GA,GA
Azure Chaos Studio,General,,,GA,,,,GA,,,,,GA,,,,,,,,,,GA,GA,,,,,,,,,GA,,,,,,,,GA,,,,,,,,,,GA,,GA,,,,,,,GA,,GA,GA,,GA,,
Azure Chaos Studio,Resource Targeting,,,GA,,,,GA,,,,,GA,,,,,,,,,GA,GA,GA,,,,,,,,,GA,,,,,,,,GA,GA,,,,,,,,,GA,,GA,,,,,,,GA,,GA,GA,,GA,GA,GA
Azure Cloud HSM,General,,,GA,GA,,,GA,,GA,GA,,GA,GA,,,,,,,,,GA,GA,GA,GA,GA,GA,,,,GA,GA,GA,,,,GA,,,,GA,GA,GA,,,,,GA,,GA,,GA,,GA,GA,,,,GA,GA,GA,GA,,GA,GA,GA
Azure Communication Services,General,,,GA,,GA,GA,GA,,GA,,GA,GA,,,,,,,,GA,GA,GA,GA,GA,,GA,GA,GA,GA,,,GA,GA,GA,,,,,,GA,GA,,,,,GA,,GA,,GA,,,,GA,GA,GA,GA,GA,GA,,,GA,,GA,GA,GA
Azure Compute Fleet,General,GA,GA,GA,GA,,,GA,GA,GA,GA,GA,GA,GA,,,,,,,,GA,GA,GA,GA,GA,GA,GA,,GA,GA,GA,GA,GA,GA,GA,GA,GA,GA,,GA,GA,GA,GA,GA,GA,GA,GA,GA,GA,GA,GA,GA,GA,GA,GA,GA,GA,GA,GA,GA,GA,GA,GA,GA,GA,GA
Azure Confidential Ledger,General,,,GA,,,,,,,,Preview,,,,,,,,,,,GA,,,,,GA,,,,GA,,,,,,,,,,,,,,,,,GA,,GA,,GA,,,,,,GA,,,,GA,,GA,,
Azure Container Apps,General,,,GA,GA,,GA,GA,,GA,GA,GA,GA,GA,,,GA,,,GA,,GA,GA,GA,GA,GA,GA,GA,,GA,,GA,GA,GA,GA,GA,GA,,GA,,GA,GA,GA,,GA,,GA,,GA,GA,GA,GA,GA,,GA,GA,,,GA,GA,GA,GA,GA,,GA,GA,GA
Azure Container Apps,Azure Container Apps - Azure Arc,,,,,,,,,,,,,,,,,,,,,Preview,Preview,,,,,,,,,,,,,,,,,,,,,,,,,,,,Preview,,,,,,,,,,,,Preview,,,,
Azure Container Apps,Azure Container Apps - Dedicated,,,GA,,,,GA,,GA,,,GA,,,,,,,GA,,GA,GA,GA,GA,,,GA,,,,,GA,,GA,,,,,,GA,GA,GA,,,,GA,,GA,,GA,,GA,,GA,,,,GA,GA,,,GA,,GA,GA,GA
Azure Container Storage,General,,,Preview,,,,Preview,,Preview,Preview,Preview,Preview,,,,,,,,,Preview,Preview,Preview,Preview,,,Preview,,,,,Preview,,Preview,,,,,,Preview,Preview,,,,,Preview,,Preview,,Preview,,Preview,,Preview,,,,Preview,Preview,,Preview,Preview,,Preview,Preview,Preview
Azure Cosmos DB,General,GA,GA,GA,GA,GA,GA,GA,GA,GA,GA,GA,GA,GA,GA,GA,GA,GA,GA,GA,GA,GA,GA,GA,GA,GA,GA,GA,GA,GA,GA,GA,GA,GA,GA,GA,GA,GA,GA,,GA,GA,GA,GA,GA,GA,GA,GA,GA,GA,GA,GA,GA,GA,GA,GA,GA,GA,GA,GA,GA,GA,GA,GA,GA,GA,GA
Azure Data Box,General,GA,GA,GA,GA,,,GA,,GA,GA,GA,GA,,,,,,,,,GA,GA,GA,GA,GA,GA,GA,,,,,GA,GA,GA,GA,,,,,GA,GA,GA,GA,,,GA,GA,GA,GA,GA,,GA,GA,GA,GA,,GA,GA,GA,GA,GA,GA,GA,GA,GA,
Azure Data Box,Data Box 120,GA,GA,GA,GA,GA,,GA,GA,GA,GA,GA,GA,GA,,,,,,,,GA,GA,GA,GA,GA,GA,GA,,,,GA,GA,GA,GA,GA,GA,GA,GA,,GA,GA,GA,GA,GA,GA,GA,GA,GA,GA,GA,GA,GA,,GA,GA,,GA,GA,GA,GA,GA,GA,GA,GA,GA,GA
Azure Data Box,Data Box 525,GA,GA,GA,GA,GA,,,,GA,GA,GA,GA,,,,,,,,,,GA,GA,GA,GA,GA,GA,,,,GA,GA,GA,,,,,,,GA,GA,,,GA,GA,,,GA,GA,GA,GA,GA,,,,,,,GA,GA,GA,GA,GA,GA,GA,GA
Azure Data Box,Data Box Disk,GA,GA,GA,GA,,,GA,,GA,GA,GA,GA,,GA,GA,,GA,GA,,,GA,GA,GA,GA,GA,,GA,,,,,GA,GA,GA,GA,,,,,GA,GA,,GA,,,GA,,GA,GA,GA,,,,GA,GA,,GA,GA,GA,GA,GA,GA,GA,GA,GA,
Azure Data Box,Import/Export,,,GA,GA,,,GA,,GA,GA,GA,GA,,GA,GA,,GA,,,,GA,GA,GA,GA,,,GA,,,,,GA,GA,GA,,,,,,GA,GA,GA,,,,GA,,GA,GA,GA,,GA,,GA,GA,,,GA,GA,GA,GA,GA,GA,GA,GA,
Azure Data Explorer,General,GA,GA,GA,GA,GA,GA,GA,GA,GA,GA,GA,GA,GA,Preview,GA,GA,Preview,GA,GA,GA,GA,GA,GA,GA,GA,GA,GA,GA,GA,GA,GA,GA,GA,GA,GA,GA,GA,GA,,GA,GA,GA,Preview,GA,GA,GA,GA,GA,GA,GA,GA,GA,GA,GA,Preview,,Preview,GA,GA,GA,GA,GA,GA,GA,GA,GA
Azure Data Lake Storage Gen1,General,,,,,,Closing Down,,,,,,Closing Down,,,,,,,,,,,Closing Down,,,,,,,,,,Closing Down,,,,,,,Closing Down,Closing Down,,,,,,,,,,,,,,,Closing Down,,,Closing Down,,,Closing Down,,,,
Azure Data Manager for Energy,General,,,GA,,,,GA,,,,GA,,,,,,,,,,,GA,,,,,,,GA,,,,,,,,,,,,GA,,,,GA,GA,,GA,,GA,,GA,,,,,,GA,,,,GA,,,,
Azure Data Share,General,,,GA,,,GA,,,GA,,GA,GA,,,,,,,,,GA,GA,GA,,,,,,,,,,GA,,,,,,,,GA,,,,,GA,,GA,,GA,,,,,,GA,,,GA,,,GA,,GA,GA,
Azure Data Share,Snapshot Execution,,,GA,GA,,,GA,,GA,GA,GA,GA,,,,,,,,,GA,GA,GA,GA,,,GA,,,,,GA,GA,GA,,,,,,GA,GA,GA,,,,GA,,GA,GA,GA,,,,GA,,,,GA,GA,GA,GA,GA,,GA,GA,
Azure Database for MariaDB,General,Closing Down,Closing Down,Closing Down,Closing Down,,Closing Down,Closing Down,Closing Down,Closing Down,Closing Down,Closing Down,Closing Down,,,Closing Down,,,Closing Down,,Closing Down,Closing Down,Closing Down,Closing Down,Closing Down,Closing Down,Closing Down,Closing Down,,Closing Down,,,Closing Down,Closing Down,Closing Down,Closing Down,,,,,Closing Down,Closing Down,Closing Down,Closing Down,,,Closing Down,Closing Down,Closing Down,Closing Down,Closing Down,,Closing Down,,Closing Down,Closing Down,Closing Down,,Closing Down,Closing Down,Closing Down,Closing Down,Closing Down,Closing Down,Closing Down,Closing Down,Closing Down
Azure Database for MySQL,General,GA,GA,GA,GA,GA,GA,GA,GA,GA,GA,GA,GA,GA,GA,GA,GA,GA,GA,GA,,GA,GA,GA,GA,GA,GA,GA,,GA,GA,GA,GA,GA,GA,GA,GA,GA,GA,,GA,GA,GA,GA,GA,GA,GA,GA,GA,GA,GA,GA,GA,,GA,GA,GA,GA,GA,GA,GA,GA,GA,GA,GA,GA,GA
Azure Database for MySQL,Azure Database for MySQL - Flexible Server,GA,,GA,GA,GA,GA,GA,,GA,GA,GA,GA,GA,,GA,GA,,GA,GA,GA,GA,GA,GA,GA,GA,GA,GA,,GA,GA,GA,GA,GA,GA,GA,GA,GA,GA,,GA,GA,GA,GA,GA,GA,GA,GA,GA,GA,GA,GA,GA,,GA,GA,GA,GA,GA,GA,GA,GA,GA,,GA,GA,GA
Azure Database for MySQL,Azure Database for MySQL - Single Server,Closing Down,Closing Down,Closing Down,Closing Down,,,Closing Down,Closing Down,Closing Down,Closing Down,Closing Down,Closing Down,,Closing Down,Closing Down,,Closing Down,Closing Down,,,Closing Down,Closing Down,Closing Down,Closing Down,Closing Down,Closing Down,Closing Down,,,,,Closing Down,Closing Down,Closing Down,Closing Down,,,,,Closing Down,Closing Down,Closing Down,Closing Down,,,Closing Down,Closing Down,Closing Down,Closing Down,Closing Down,,Closing Down,,Closing Down,Closing Down,,Closing Down,Closing Down,Closing Down,Closing Down,Closing Down,Closing Down,Closing Down,Closing Down,Closing Down,Closing Down
Azure Database for PostgreSQL,General,GA,GA,GA,GA,GA,GA,GA,GA,GA,GA,GA,GA,GA,GA,GA,,GA,GA,,GA,GA,GA,GA,GA,GA,GA,GA,,GA,GA,GA,GA,GA,GA,GA,GA,GA,GA,,GA,GA,GA,GA,GA,GA,GA,GA,GA,GA,GA,GA,GA,GA,GA,GA,GA,GA,GA,GA,GA,GA,GA,GA,GA,GA,GA
Azure Database for PostgreSQL,Azure Database for PostgreSQL - Flexible Server,GA,GA,GA,GA,GA,GA,GA,GA,GA,GA,GA,GA,GA,,GA,GA,,GA,GA,GA,GA,GA,GA,GA,GA,GA,GA,,GA,GA,GA,GA,GA,GA,GA,GA,GA,GA,,GA,GA,GA,GA,GA,GA,GA,GA,GA,GA,GA,GA,GA,GA,GA,GA,,GA,GA,GA,GA,GA,GA,,GA,GA,GA
Azure Database for PostgreSQL,Azure Database for PostgreSQL – Azure Arc,,,Preview,,,,Preview,,Preview,Preview,Preview,Preview,,,,,,,,,Preview,Preview,Preview,Preview,,,,,,,,Preview,,Preview,,,,,,Preview,Preview,Preview,,,,Preview,,Preview,,Preview,,Preview,,Preview,,,,Preview,Preview,Preview,Preview,Preview,,Preview,Preview,Preview
Azure Database for PostgreSQL,Hyperscale (Citus),GA,,GA,,,,GA,,GA,GA,GA,GA,,,,,,,,,GA,GA,GA,GA,,,GA,,,,,GA,GA,GA,,,,,,GA,GA,,,GA,GA,,,GA,GA,GA,,GA,,GA,GA,,,,GA,,GA,GA,,GA,GA,GA
Azure Database Migration Service,General,GA,GA,GA,GA,GA,GA,GA,GA,GA,GA,GA,GA,GA,,GA,,,GA,GA,GA,GA,GA,GA,GA,GA,GA,GA,,GA,GA,GA,GA,GA,GA,GA,,GA,GA,,GA,GA,GA,GA,GA,GA,GA,GA,GA,GA,GA,GA,GA,GA,GA,GA,GA,GA,GA,GA,GA,GA,GA,GA,GA,GA,GA
Azure Databricks,General,GA,GA,GA,GA,,GA,GA,,GA,GA,GA,GA,,,GA,GA,,GA,GA,GA,GA,GA,GA,GA,,,GA,,GA,,,GA,GA,GA,,,GA,,,GA,GA,GA,,,GA,GA,,GA,GA,GA,,GA,,GA,GA,GA,,GA,GA,GA,GA,GA,GA,GA,GA,GA
Azure DDoS Protection,General,GA,GA,GA,GA,GA,GA,GA,GA,GA,GA,GA,GA,GA,,,GA,,,Preview,GA,GA,GA,GA,GA,GA,GA,GA,,GA,GA,GA,GA,GA,GA,GA,GA,GA,GA,,GA,GA,GA,GA,GA,GA,GA,GA,GA,GA,GA,GA,GA,GA,GA,GA,GA,GA,GA,GA,GA,GA,GA,GA,GA,GA,GA
Azure DDoS Protection,DDoS IP Protection,GA,GA,GA,GA,GA,GA,GA,GA,GA,GA,GA,GA,GA,,GA,GA,,GA,GA,GA,GA,GA,GA,GA,GA,GA,GA,,GA,GA,GA,GA,GA,GA,GA,GA,GA,GA,,GA,GA,GA,GA,GA,GA,GA,GA,GA,GA,GA,GA,GA,GA,GA,GA,GA,GA,GA,GA,GA,GA,GA,GA,GA,GA,GA
Azure Dedicated HSM,General,,,Closing Down,Closing Down,,,,,Closing Down,Closing Down,Closing Down,,,,,,,,,,Closing Down,Closing Down,Closing Down,,,,,,,,,Closing Down,Closing Down,,,,,,,,Closing Down,,,,,,,Closing Down,Closing Down,Closing Down,,,,Closing Down,Closing Down,,,,Closing Down,Closing Down,,Closing Down,,Closing Down,Closing Down,
Azure Defender for IoT,General,,,,,,,,,,,,,,,,,,,,,,,,,,,,,,,,,,,,,,,GA,,,,,,,,,,,,,,,,,,,,,,,,,,,
Azure Deployment Environments,General,,,GA,,,,GA,,GA,,GA,GA,,,,,,,,,GA,GA,GA,GA,,,GA,,,,GA,GA,GA,GA,,,,,,,GA,,,GA,,GA,,GA,,GA,GA,GA,,GA,,,,GA,GA,,,GA,,,Preview,GA
Azure Device Registry,General,,,,,,,,,,,,,,,,,,,,,,GA,GA,,,,GA,,,,,,,,,,,,,,GA,,,,,,,,,,,,,,,,,,,,,GA,,GA,GA,GA
Azure DevOps,General,,,GA,,,,GA,,GA,,,GA,,,,,,,,,GA,,,,,,,,,,,,,,,,,,,GA,,,,,,,,GA,GA,,,,,,,,,,GA,,,GA,,,,
Azure DevTest Labs,General,GA,GA,GA,GA,,GA,GA,GA,GA,GA,GA,GA,,,,,,,,GA,GA,GA,GA,GA,GA,,GA,,GA,,,GA,GA,GA,GA,,,,,GA,GA,GA,,,Preview,GA,,GA,GA,GA,,GA,GA,GA,GA,GA,,GA,GA,GA,GA,GA,GA,GA,GA,GA
Azure Digital Twins,General,,,GA,,,,,,,,,,,,,,,,,,,GA,GA,,,,,,,,,GA,,GA,,,,,,,GA,,,,GA,,,GA,,GA,,,,,,,,,GA,,GA,GA,,,GA,GA
Azure DNS,General,,,,,,,,,,,,,,,,,,,,,,,,,,,,,,,,,,,,,,,GA,,,,,,,,,,,,,,,,,,,,,,,,,,,
Azure DNS,Azure DNS Private Resolver,GA,,GA,GA,GA,GA,GA,GA,GA,GA,GA,GA,GA,,,GA,,,GA,GA,GA,GA,GA,GA,,GA,GA,GA,GA,GA,GA,GA,GA,GA,,GA,GA,GA,,GA,GA,GA,,GA,GA,GA,GA,GA,GA,GA,GA,GA,GA,GA,GA,GA,GA,GA,GA,GA,GA,GA,,GA,GA,GA
Azure DNS,Azure DNS Private Zones,GA,GA,GA,GA,GA,GA,GA,GA,GA,GA,GA,GA,GA,GA,GA,GA,GA,GA,GA,GA,GA,GA,GA,GA,GA,GA,GA,GA,GA,GA,GA,GA,GA,GA,GA,GA,GA,GA,,GA,GA,GA,GA,GA,GA,GA,GA,GA,GA,GA,GA,GA,GA,GA,GA,GA,GA,GA,GA,GA,GA,GA,GA,GA,GA,GA
Azure DNS,Azure DNS Public Zones,,,,,,,,,,,,,,,,,,,,,,,,,,,,,,,,,,,,,,,GA,,,,,,,,,,,,,,,,,,,,,,,,,,,
Azure Elastic SAN,General,GA,GA,GA,GA,,,GA,GA,GA,GA,GA,GA,,,,,,,,,GA,GA,GA,GA,GA,GA,GA,,,,GA,GA,GA,GA,GA,,GA,,,GA,GA,GA,GA,GA,GA,GA,,GA,GA,GA,GA,GA,GA,GA,,,,GA,GA,GA,GA,GA,,GA,GA,GA
Azure Enclave,General,,,,,,,,,,,,Preview,,,,,,,,,,Preview,Preview,,,,,,,,,,,,,,,,,Preview,,,,,,,,Preview,,,,,,,,,,,,,Preview,,,Preview,Preview,Preview
Azure Files,General,GA,GA,GA,GA,GA,GA,GA,GA,GA,GA,GA,GA,GA,GA,GA,GA,GA,GA,GA,GA,GA,GA,GA,GA,GA,GA,GA,GA,GA,GA,GA,GA,GA,GA,GA,GA,GA,GA,,GA,GA,GA,GA,GA,GA,GA,GA,GA,GA,GA,GA,GA,GA,GA,GA,GA,GA,GA,GA,GA,GA,GA,GA,GA,GA,GA
Azure Files,Geo redundant HDD storage,GA,,GA,GA,GA,GA,GA,,GA,GA,GA,GA,GA,,,,,,,GA,GA,GA,GA,GA,,,GA,GA,GA,GA,GA,GA,GA,GA,,GA,GA,GA,,GA,GA,GA,,GA,GA,GA,,GA,GA,GA,GA,GA,,GA,,GA,,GA,GA,GA,GA,GA,GA,GA,GA,GA
Azure Files,Locally redundant HDD storage,GA,GA,GA,GA,GA,GA,GA,GA,GA,GA,GA,GA,GA,GA,GA,GA,GA,GA,GA,GA,GA,GA,GA,GA,GA,GA,GA,GA,GA,GA,GA,GA,GA,GA,GA,GA,GA,GA,,GA,GA,GA,GA,GA,GA,GA,GA,GA,GA,GA,GA,GA,GA,GA,GA,GA,GA,GA,GA,GA,GA,GA,GA,GA,GA,GA
Azure Files,Locally redundant SSD storage,GA,GA,GA,GA,GA,GA,GA,GA,GA,GA,GA,GA,GA,,GA,GA,,GA,GA,GA,GA,GA,GA,GA,GA,GA,GA,,GA,GA,GA,GA,GA,GA,GA,GA,GA,GA,,GA,GA,GA,GA,GA,GA,GA,GA,GA,GA,GA,GA,GA,,GA,GA,,GA,GA,GA,GA,GA,GA,GA,GA,GA,GA
Azure Files,Zone redundant SSD storage,GA,,GA,GA,GA,GA,GA,,GA,GA,GA,GA,GA,,,,,,,GA,GA,GA,GA,GA,,,GA,,GA,GA,GA,GA,GA,GA,,GA,GA,GA,,GA,GA,GA,,GA,GA,GA,,GA,GA,GA,GA,GA,,GA,,,,GA,GA,GA,GA,GA,GA,GA,GA,GA
Azure Firewall,General,GA,GA,GA,GA,GA,GA,GA,GA,GA,GA,GA,GA,GA,GA,GA,GA,GA,GA,GA,GA,GA,GA,GA,GA,GA,GA,GA,,GA,GA,GA,GA,GA,GA,GA,GA,GA,GA,,GA,GA,GA,GA,GA,GA,GA,GA,GA,GA,GA,GA,GA,,GA,GA,GA,GA,GA,GA,GA,GA,GA,GA,GA,GA,GA
Azure Firewall,Azure Firewall Basic,GA,,GA,GA,GA,GA,GA,GA,GA,GA,GA,GA,GA,,GA,GA,,GA,GA,GA,GA,GA,GA,GA,GA,,GA,GA,GA,GA,GA,GA,GA,GA,GA,GA,GA,GA,,GA,GA,GA,GA,GA,GA,GA,GA,GA,GA,GA,GA,GA,,GA,,GA,GA,GA,GA,GA,GA,GA,GA,GA,GA,GA
Azure Firewall,Azure Firewall Premium,GA,GA,GA,GA,GA,GA,GA,GA,GA,GA,GA,GA,GA,,GA,GA,,GA,GA,GA,GA,GA,GA,GA,GA,,GA,,GA,GA,GA,GA,GA,GA,GA,GA,GA,GA,,GA,GA,GA,,GA,GA,GA,GA,GA,GA,GA,GA,GA,,GA,GA,GA,GA,GA,GA,GA,GA,GA,GA,GA,GA,GA
Azure Firewall,Azure Firewall Standard,GA,GA,GA,GA,GA,GA,GA,GA,GA,GA,GA,GA,GA,GA,GA,GA,GA,GA,GA,GA,GA,GA,GA,GA,GA,GA,GA,,GA,GA,GA,GA,GA,GA,GA,GA,GA,GA,,GA,GA,GA,GA,GA,GA,GA,GA,GA,GA,GA,GA,GA,,GA,GA,GA,GA,GA,GA,GA,GA,GA,GA,GA,GA,GA
Azure Firewall Manager,General,GA,GA,GA,GA,GA,GA,GA,,GA,GA,GA,GA,GA,,GA,GA,,GA,GA,GA,GA,GA,GA,GA,GA,GA,GA,GA,GA,GA,GA,GA,GA,GA,GA,GA,GA,GA,,GA,GA,GA,GA,GA,GA,GA,GA,GA,GA,GA,GA,GA,,GA,GA,GA,GA,GA,GA,GA,GA,GA,GA,GA,GA,GA
Azure for Education,General,,,,,,,,,,,,,,,,,,,,,,,,,,,,,,,,,,,,,,,GA,,,,,,,,,,,,,,,,,,,,,,,,,,,
Azure Front Door,General,,,,,,,,,,,,,,,,,,,,,,,,,,,,,,,,,,,,,,,GA,,,,,,,,,,,,,,,,,,,,,,,,,,,
Azure Front Door,Azure Front Door Premium,,,,,,,,,,,,,,,,,,,,,,,,,,,,,,,,,,,,,,,GA,,,,,,,,,,,,,,,,,,,,,,,,,,,
Azure Front Door,Azure Front Door Standard,,,,,,,,,,,,,,,,,,,,,,,,,,,,,,,,,,,,,,,GA,,,,,,,,,,,,,,,,,,,,,,,,,,,
Azure Grafana Service,General,,,GA,,,,GA,,GA,,GA,GA,,,,,,,GA,,GA,GA,GA,GA,,,GA,,,,GA,GA,,GA,,,,,,,GA,GA,,,,,,GA,,GA,,GA,,GA,,,,GA,GA,,GA,GA,,GA,GA,GA
Azure Health AI Deidentification service,General,,,,,,,,,GA,,,,,,,,,,,,,GA,GA,,,,,,,,,,,,,,,,,,,,,,,,,GA,,,,,,,,,,,GA,,,GA,,,GA,GA
Azure Health Data Services,General,,,GA,,,,Preview,,GA,,Preview,,,,,,,,,,Preview,GA,GA,Preview,,Preview,GA,,,,,GA,Preview,Preview,,,,,,Preview,GA,,,,GA,GA,,GA,,GA,,GA,,GA,,,,,GA,GA,GA,GA,,,GA,GA
Azure Health Data Services,Azure API for FHIR,,,Closing Down,,,,Closing Down,,Closing Down,,Closing Down,,,,,,,,,,Closing Down,Closing Down,Closing Down,Closing Down,,Closing Down,Closing Down,,,,,Closing Down,Closing Down,Closing Down,,,,,,Closing Down,Closing Down,,,,,Closing Down,,Closing Down,,Closing Down,,Closing Down,,Closing Down,,,,,Closing Down,Closing Down,Closing Down,Closing Down,,,Closing Down,Closing Down
Azure Health Data Services,Azure Health Data Services,,,GA,,,GA,Preview,,GA,,GA,,,,,,,,,,,GA,GA,GA,,,GA,,GA,,,GA,GA,GA,,,,,,GA,GA,,,,GA,,,GA,,GA,,GA,,GA,,GA,,,GA,,GA,GA,,,GA,GA
Azure Information Protection,General,,,,,,,,,,,,,,,,,,,,,,,,,,,,,,,,,,,,,,,GA,,,,,,,,,,,,,,,,,,,,,,,,,,,
Azure Information Protection,Free,,,,,,,,,,,,,,,,,,,,,,,,,,,,,,,,,,,,,,,GA,,,,,,,,,,,,,,,,,,,,,,,,,,,
Azure Information Protection,Premium P1,,,,,,,,,,,,,,,,,,,,,,,,,,,,,,,,,,,,,,,GA,,,,,,,,,,,,,,,,,,,,,,,,,,,
Azure Information Protection,Premium P2,,,,,,,,,,,,,,,,,,,,,,,,,,,,,,,,,,,,,,,GA,,,,,,,,,,,,,,,,,,,,,,,,,,,
Azure IoT Operations,General,,,,,,,,,,,,,,,,,,,,,,GA,GA,,,,GA,,,,,,,,,,,,,,GA,,,,,,,GA,,,,,,,,,,,,,,GA,,GA,GA,GA
Azure Kubernetes Fleet Manager,General,GA,GA,GA,GA,GA,GA,GA,GA,GA,GA,GA,GA,GA,,GA,GA,,GA,GA,GA,GA,GA,GA,GA,GA,GA,GA,,GA,GA,GA,GA,GA,GA,GA,GA,GA,GA,,GA,GA,GA,GA,GA,GA,GA,GA,GA,GA,GA,GA,GA,GA,GA,GA,GA,GA,GA,GA,GA,GA,GA,,GA,GA,GA
Azure Kubernetes Service (AKS),General,GA,GA,GA,GA,GA,GA,GA,GA,GA,GA,GA,GA,GA,,GA,GA,,GA,GA,GA,GA,GA,GA,GA,GA,GA,GA,,GA,GA,GA,GA,GA,GA,GA,GA,GA,GA,,GA,GA,GA,GA,GA,GA,GA,GA,GA,GA,GA,GA,GA,GA,GA,GA,GA,GA,GA,GA,GA,GA,GA,,GA,GA,GA
Azure Kubernetes Service enabled by Azure Arc,General,,,GA,,,,,,GA,,,,,,,,,,,,,GA,,,,,,,,,,GA,,,,,,,,,,,,,,,,,,GA,,,,,,,,,,,,GA,,,,
Azure Kubernetes Service enabled by Azure Arc,AKS on HCI and Windows Server,,,,,,,,,,,,,,,,,,,,,,Preview,,,,,,,,,,,,,,,,,,,,,,,,,,,,,,,,,,,,,,,,,,,,
Azure Lab Services,General,Closing Down,Closing Down,Closing Down,Closing Down,,,Closing Down,,Closing Down,Closing Down,Closing Down,Closing Down,,,,,,,,,Closing Down,Closing Down,Closing Down,Closing Down,Closing Down,,,,,,,Closing Down,Closing Down,Closing Down,Closing Down,,,,,Closing Down,Closing Down,,,,,,,Closing Down,Closing Down,Closing Down,,,,,,,,,Closing Down,Closing Down,Closing Down,Closing Down,Closing Down,Closing Down,Closing Down,
Azure Lab Services,Azure Lab Services V2,,,Closing Down,Closing Down,Closing Down,,Closing Down,,Closing Down,Closing Down,Closing Down,Closing Down,,,,,,,,,Closing Down,Closing Down,Closing Down,Closing Down,,,Closing Down,,,,,Closing Down,,Closing Down,,,,,,Closing Down,Closing Down,Closing Down,,,,Closing Down,,Closing Down,,Closing Down,,,,Closing Down,,,,Closing Down,Closing Down,Closing Down,Closing Down,Closing Down,,Closing Down,Closing Down,
Azure Large Instance for Epic v1.1,General,,,,,,,,,,,,,,,,,,,,,,Closing Down,,,,,,,,,,,,,,,,,,,,,,,,,,Closing Down,,,,,,,,,,,,,,,,,Closing Down,
Azure Large Instances,General,,,,,,,,,,,,,,,,,,,,,,Closing Down,,,,,,,,,,,,,,,,,,,,,,,,,,Closing Down,,,,,,,,,,,,,,,,,Closing Down,
Azure Large Instances,Bare Metal Infrastructure,,,,,,,,,,,,,,,,,,,,,,GA,GA,,,,GA,,,,,,,,,,,,,,GA,,,,,,,GA,,,,,,,,,,,,,,GA,,,GA,
Azure Lighthouse,General,,,,,,,,,,,,,,,,,,,,,,,,,,,,,,,,,,,,,,,GA,,,,,,,,,,,,,,,,,,,,,,,,,,,
Azure Load Balancer,General,GA,GA,GA,GA,GA,GA,GA,GA,GA,GA,GA,GA,GA,GA,GA,GA,GA,GA,GA,GA,GA,GA,GA,GA,GA,GA,GA,GA,GA,GA,GA,GA,GA,GA,GA,GA,GA,GA,,GA,GA,GA,GA,GA,GA,GA,GA,GA,GA,GA,GA,GA,GA,GA,GA,GA,GA,GA,GA,GA,GA,GA,GA,GA,GA,GA
Azure Load Balancer,Basic,Closing Down,Closing Down,Closing Down,Closing Down,Closing Down,Closing Down,Closing Down,Closing Down,Closing Down,Closing Down,Closing Down,Closing Down,Closing Down,Closing Down,Closing Down,Closing Down,Closing Down,Closing Down,Closing Down,Closing Down,Closing Down,Closing Down,Closing Down,Closing Down,Closing Down,Closing Down,Closing Down,,Closing Down,Closing Down,Closing Down,Closing Down,Closing Down,Closing Down,Closing Down,Closing Down,Closing Down,Closing Down,,Closing Down,Closing Down,Closing Down,Closing Down,Closing Down,Closing Down,Closing Down,Closing Down,Closing Down,Closing Down,Closing Down,Closing Down,Closing Down,Closing Down,Closing Down,Closing Down,Closing Down,Closing Down,Closing Down,Closing Down,Closing Down,Closing Down,Closing Down,Closing Down,Closing Down,Closing Down,Closing Down
Azure Load Balancer,Standard,GA,GA,GA,GA,GA,,GA,GA,GA,GA,GA,GA,GA,GA,GA,GA,GA,GA,GA,,GA,GA,GA,GA,GA,GA,GA,,GA,GA,GA,GA,GA,GA,GA,GA,GA,GA,,GA,GA,GA,GA,GA,GA,GA,GA,GA,GA,GA,GA,GA,GA,GA,GA,GA,GA,GA,GA,GA,GA,GA,GA,GA,GA,GA
Azure Local,General,,,GA,,,,,,GA,,GA,,,,GA,,,,GA,,,GA,,,,,GA,,,,,GA,,,,,,,,,,,,,,,,GA,,GA,,,,,,,,,,,,GA,,,,
Azure Local,disconnected operations,,,GA,,,,,,,,,,,,,,,,,,,,GA,,,,,,,,,,,,,,,,,,,,,,,,,,,GA,,,,,,,,,GA,,,GA,,,,
Azure Managed Applications,General,GA,GA,GA,GA,,,GA,,GA,GA,GA,GA,,GA,GA,,GA,GA,,,GA,GA,GA,GA,GA,,,,,,,GA,GA,GA,GA,,,,,GA,GA,,,,,,,GA,GA,GA,,,,,,,,,GA,GA,GA,GA,GA,GA,GA,
Azure Managed Lustre (AMLFS),General,,,GA,,,,GA,,GA,,GA,GA,,,,,,,,,,GA,GA,GA,,,GA,,GA,,GA,GA,GA,GA,GA,GA,GA,,,GA,GA,GA,,,,GA,,GA,,GA,GA,GA,,,,,,GA,GA,,,GA,,GA,GA,GA
Azure Maps,General,,,,,,,,,,,,,,,,,,,,,,,,,,,,,,,,,,,,,,,GA,,,,,,,,,,,,,,,,,,,,,,,,,,,
Azure Migrate,General,,,GA,GA,GA,GA,GA,,GA,,GA,GA,GA,,,,,GA,,GA,GA,GA,GA,GA,,,GA,,GA,GA,GA,GA,GA,GA,GA,GA,GA,GA,,GA,GA,GA,,GA,GA,GA,,,GA,GA,GA,GA,,GA,GA,,,GA,GA,GA,GA,GA,,GA,GA,
Azure Monitor,General,GA,GA,GA,GA,GA,,GA,GA,GA,GA,GA,GA,GA,GA,GA,GA,GA,,GA,,GA,GA,GA,GA,GA,GA,GA,,GA,GA,GA,GA,GA,GA,GA,GA,GA,GA,,GA,GA,GA,GA,GA,GA,GA,GA,GA,GA,GA,GA,GA,GA,GA,GA,GA,GA,GA,GA,GA,GA,GA,GA,GA,GA,GA
Azure Monitor,Application Insights,GA,GA,GA,GA,GA,GA,GA,GA,GA,GA,GA,GA,GA,,GA,GA,,,GA,,GA,GA,GA,GA,GA,GA,GA,,GA,GA,GA,GA,GA,GA,GA,GA,GA,GA,,GA,GA,GA,GA,GA,GA,GA,GA,GA,GA,GA,GA,GA,GA,GA,GA,GA,GA,GA,GA,GA,,GA,,GA,GA,GA
Azure Monitor,Azure Monitor Essentials,,,,,,,,,,,,,,,,,,,,,,,,,,,,,,,,,,,,,,,GA,,,,,,,,,,,,,,,,,,,,,,,,,,,
Azure Monitor,Azure Monitor Managed Service for Prometheus,GA,GA,GA,GA,,,GA,GA,GA,GA,GA,GA,GA,,,Preview,,,Preview,,GA,GA,GA,GA,GA,,GA,,GA,GA,GA,GA,GA,GA,GA,GA,GA,GA,,,GA,GA,GA,GA,,GA,,GA,GA,GA,GA,GA,GA,GA,GA,Preview,GA,GA,GA,GA,GA,GA,,GA,GA,GA
Azure Monitor,Azure Monitor pipeline,,,,,,,,,,,,,,,,,,,,,,,,,,,,,,,,,,,,,,,Preview,,,,,,,,,,,,,,,,,,,,,,,,,,,
Azure Monitor,Azure Monitor SCOM Managed Instance,,,Closing Down,,,,,,Closing Down,,,,,,,,,,,,,Closing Down,Closing Down,,,,Closing Down,Closing Down,,,Closing Down,,,,,,,,,,Closing Down,,,,,,,,,Closing Down,,Closing Down,,,,,,,Closing Down,,,Closing Down,,Closing Down,Closing Down,Closing Down
Azure Monitor,Log Analytics,GA,GA,GA,GA,GA,,GA,GA,GA,GA,GA,GA,GA,,GA,GA,,,GA,,GA,GA,GA,GA,GA,GA,GA,,GA,GA,GA,GA,GA,GA,GA,GA,GA,GA,,GA,GA,GA,GA,GA,GA,GA,GA,GA,GA,GA,GA,GA,GA,GA,GA,GA,GA,GA,GA,GA,GA,GA,,GA,GA,GA
Azure Monitor for SAP Solutions,General,GA,,GA,GA,,,GA,,GA,,GA,GA,,,,,,,,,GA,GA,GA,GA,,,GA,,,,GA,GA,,GA,,,,,,GA,GA,GA,,,,GA,,GA,,GA,,GA,,GA,,,,GA,GA,,GA,GA,,GA,GA,GA
Azure Monitor Grafana,General,,,Preview,,,,Preview,,Preview,,Preview,Preview,,,,,,,,,,,Preview,Preview,,,,,,,,,Preview,,,,,,,,,,,,,,,,,Preview,,,,Preview,,,,Preview,Preview,,Preview,,,,Preview,
Azure NetApp Files,General,GA,GA,GA,GA,,,GA,GA,GA,GA,GA,GA,,,,,,,,,GA,GA,GA,GA,,GA,GA,,,GA,GA,GA,GA,GA,GA,GA,,GA,,GA,GA,GA,GA,,GA,GA,,GA,GA,GA,GA,GA,,GA,GA,GA,GA,GA,GA,GA,,GA,,GA,GA,GA
Azure NetApp Files,Backup and Restore,GA,GA,GA,GA,,,GA,GA,GA,GA,GA,GA,,,,,,,,,GA,GA,GA,GA,,GA,GA,,,GA,GA,GA,GA,GA,GA,GA,,GA,,GA,GA,GA,GA,,GA,GA,,GA,GA,GA,GA,GA,,GA,GA,GA,GA,GA,GA,GA,,GA,,GA,GA,GA
Azure Operator Service Manager,General,,,Preview,,,,,,Preview,,,,,,,,,,,,,Preview,,,,,,,,,,,,,,,,,,,Preview,,,,,,,Preview,,Preview,,,,,,,,Preview,Preview,,Preview,Preview,,Preview,,Preview
Azure Payment HSM,General,,,GA,GA,,,,,,,,GA,,,,,,,,,,GA,,,,,,,,,,,,,,,,,,,GA,,,,,,,GA,,,,,,,,,,,,,,GA,,GA,,
Azure Performance Diagnostics,General,,,,,,,,,,,,,,,,,,,,,,,,,,,,,,,,,,,,,,,GA,,,,,,,,,,,,,,,,,,,,,,,,,,,
Azure Policy,General,,,,,,,,,,,,,,,,,,,,,,,,,,,,,,,,,,,,,,,GA,,,,,,,,,,,,,,,,,,,,,,,,,,,
Azure Private Link,General,GA,GA,GA,GA,GA,GA,GA,GA,GA,GA,GA,GA,GA,GA,GA,GA,GA,GA,GA,GA,GA,GA,GA,GA,GA,GA,GA,,GA,GA,GA,GA,GA,GA,GA,GA,,GA,,GA,GA,GA,GA,GA,GA,GA,GA,GA,GA,GA,GA,GA,GA,GA,GA,GA,GA,GA,GA,GA,GA,GA,GA,GA,GA,GA
Azure Quantum,General,,,,,,,,,,,,,,,,,,,,,,Preview,,,,,,,,,,,,,,,,,,,Preview,,,,,,,,,,,,,,,,,,,,,Preview,,Preview,,
Azure Red Hat OpenShift (ARO),General,GA,GA,GA,GA,GA,GA,GA,GA,GA,GA,GA,GA,GA,,,,,,,,GA,GA,GA,GA,,,GA,,GA,,GA,GA,GA,GA,,GA,GA,GA,,GA,GA,GA,GA,,GA,GA,,GA,GA,GA,GA,GA,,GA,GA,GA,GA,GA,GA,GA,GA,GA,,GA,GA,GA
Azure Resource Graph,General,,,,,,,,,,,,,,,,,,,,,,,,,,,,,,,,,,,,,,,GA,,,,,,,,,,,,,,,,,,,,,,,,,,,
Azure Resource Manager,General,GA,GA,GA,GA,GA,GA,GA,GA,GA,GA,GA,GA,GA,GA,GA,GA,GA,GA,GA,GA,GA,GA,GA,GA,GA,GA,GA,,GA,GA,GA,GA,GA,GA,GA,GA,GA,GA,,GA,GA,GA,GA,GA,GA,GA,GA,GA,GA,GA,GA,GA,GA,GA,GA,GA,GA,GA,GA,GA,GA,GA,GA,GA,GA,GA
Azure Route Server,General,GA,GA,GA,Preview,GA,GA,GA,GA,GA,Preview,GA,GA,GA,Preview,Preview,Preview,Preview,Preview,Preview,GA,GA,GA,GA,GA,,GA,GA,GA,GA,GA,GA,GA,GA,GA,,GA,GA,GA,,GA,GA,Preview,,GA,GA,GA,Preview,GA,GA,GA,GA,Preview,,GA,,GA,,GA,GA,GA,GA,GA,GA,GA,GA,GA
Azure Service Manager (RDFE),General,GA,GA,GA,GA,GA,,GA,GA,GA,GA,GA,GA,GA,GA,GA,GA,GA,GA,GA,,GA,GA,GA,GA,GA,GA,GA,,GA,GA,GA,GA,GA,GA,GA,,GA,GA,,GA,GA,GA,GA,GA,GA,GA,GA,GA,GA,GA,GA,GA,GA,GA,GA,GA,GA,GA,GA,GA,GA,GA,GA,GA,GA,GA
Azure SignalR Service,General,GA,,GA,GA,GA,,GA,,GA,GA,GA,GA,,,GA,Preview,,GA,GA,,GA,GA,GA,GA,,,GA,,GA,,GA,GA,GA,GA,,GA,,GA,,GA,GA,GA,,GA,GA,GA,,GA,GA,GA,GA,GA,,GA,GA,GA,,GA,GA,GA,GA,GA,,GA,GA,GA
Azure Signup Portal,General,,,,,,,,,,,,,,,,,,,,,,,,,,,,,,,,,,,,,,,GA,,,,,,,,,,,,,,,,,,,,,,,,,,,
Azure Sphere,General,,,,,,,,,,,,,,,,,,,,,,,,,,,,,,,,,,,,,,,Closing Down,,,,,,,,,,,,,,,,,,,,,,,,,,,
Azure Spring Apps,General,,,Closing Down,Closing Down,,,Closing Down,,Closing Down,Closing Down,Closing Down,Closing Down,,,Closing Down,,,Closing Down,Closing Down,,Closing Down,Closing Down,Closing Down,Closing Down,,,Closing Down,,,,Closing Down,Closing Down,,Closing Down,,,,,,Closing Down,Closing Down,,,,,Closing Down,,Closing Down,,Closing Down,,Closing Down,,Closing Down,,,,Closing Down,Closing Down,Closing Down,,Closing Down,,Closing Down,Closing Down,Closing Down
Azure Spring Apps,Basic,,,Closing Down,Closing Down,,,Closing Down,,Closing Down,Closing Down,Closing Down,Closing Down,,,Closing Down,,,Closing Down,Closing Down,,Closing Down,Closing Down,Closing Down,Closing Down,,,Closing Down,,,,Closing Down,Closing Down,,Closing Down,,,,,,Closing Down,Closing Down,,,,,Closing Down,,Closing Down,,Closing Down,,Closing Down,,Closing Down,,,,Closing Down,Closing Down,Closing Down,,Closing Down,,Closing Down,Closing Down,Closing Down
Azure Spring Apps,Enterprise,,,Closing Down,Closing Down,,,Closing Down,,Closing Down,Closing Down,,Closing Down,,,Closing Down,,,,,,Closing Down,Closing Down,Closing Down,,,,,,,,Closing Down,Closing Down,,,,,,,,,Closing Down,,,,,,,Closing Down,,Closing Down,,Closing Down,,,,,,,Closing Down,Closing Down,,Closing Down,,,Closing Down,Closing Down
Azure Spring Apps,Standard,,,Closing Down,Closing Down,,,Closing Down,,Closing Down,Closing Down,,Closing Down,,,Closing Down,,,Closing Down,Closing Down,,Closing Down,Closing Down,Closing Down,,,,,,,,Closing Down,Closing Down,,,,,,,,,Closing Down,,,,,,,Closing Down,,Closing Down,,Closing Down,,,,,,,Closing Down,Closing Down,,Closing Down,,,Closing Down,Closing Down
Azure Spring Apps,Standard Gen2,,,Closing Down,,,,,,,,,Closing Down,,,,,,,,,Closing Down,Closing Down,Closing Down,,,,,,,,,,,,,,,,,,Closing Down,,,,,,,Closing Down,,,,,,,,,,,Closing Down,,,Closing Down,,Closing Down,,Closing Down
Azure SQL Database,General,GA,GA,GA,GA,GA,GA,GA,GA,GA,GA,GA,GA,GA,GA,GA,GA,GA,GA,GA,GA,GA,GA,GA,GA,GA,GA,GA,GA,GA,GA,GA,GA,GA,GA,GA,GA,GA,GA,,GA,GA,GA,GA,GA,GA,GA,GA,GA,GA,GA,GA,GA,GA,GA,GA,GA,GA,GA,GA,GA,GA,GA,GA,GA,GA,GA
Azure SQL Managed Instance,General,GA,GA,GA,GA,GA,GA,GA,GA,GA,GA,GA,GA,GA,,GA,GA,,GA,GA,GA,GA,GA,GA,GA,GA,GA,GA,,GA,GA,GA,GA,GA,GA,GA,GA,GA,GA,,GA,GA,GA,GA,GA,GA,GA,GA,GA,GA,GA,GA,GA,GA,GA,GA,GA,GA,GA,GA,GA,GA,GA,GA,GA,GA,GA
Azure Stack,General,,,,,,,,,,,,,,,,,,,,,,,,,,,,,,,,,,,,,,,GA,,,,,,,,,,,,,,,,,,,,,,,,,,,
Azure Stack,Azure Stack Hub Ruggedized,,,,,,,,,,,,,,,,,,,,,,GA,,,,,,,,,,,,,,,,,,,,,,,,,,GA,,,,,,,,,,,,,,,,,GA,GA
Azure Stack Edge,General,,,GA,,,,GA,,GA,,GA,,,,,,,,,,,GA,,GA,,,GA,,,,,GA,,GA,,,,,,,,GA,GA,,,GA,,,,GA,,GA,,GA,,,,GA,GA,,,GA,,,GA,
Azure Stack Edge,Azure Data Box Gateway,,,,,,,,,,,,,,,,,,,,,,,,,,,,,,,,,,,,,,,GA,,,,,,,,,,,,,,,,,,,,,,,,,,,
Azure Stack Edge,Azure Stack Edge,,,GA,,,,GA,,GA,,GA,GA,,,,,,,,,GA,GA,GA,GA,GA,,GA,,,,,GA,,GA,,,,,,GA,GA,GA,,,,GA,,GA,,GA,,GA,,GA,,,,GA,GA,GA,GA,GA,,GA,GA,
Azure Stack Edge,Azure Stack Edge Pro 2,GA,GA,GA,GA,,,,,GA,GA,,GA,,,,,,,,,GA,GA,GA,GA,GA,GA,GA,,,,,GA,GA,GA,GA,,,,,GA,GA,GA,GA,,,,,GA,,GA,,GA,GA,GA,GA,,GA,GA,GA,GA,GA,GA,,GA,GA,
Azure Stack Edge,Azure Stack Edge Ruggedized,,,,,,,,,,,,GA,,,,,,,,,,GA,GA,,,,,,,,,,,,,,,,,GA,,,,,,,,GA,,,,,,,,,,,,,,GA,,GA,GA,
Azure Storage Actions,General,Preview,,Preview,Preview,,,Preview,,Preview,Preview,Preview,Preview,,,,,,,,,Preview,Preview,Preview,Preview,,,Preview,,,Preview,Preview,Preview,Preview,Preview,,,Preview,,,Preview,Preview,Preview,,,,Preview,,Preview,Preview,Preview,Preview,Preview,,Preview,,,,Preview,Preview,Preview,Preview,Preview,Preview,Preview,Preview,Preview
Azure Storage Mover,General,,,,,,,,,,,,,,,,,,,,,,Preview,Preview,,,,,,,,,,,,,,,,,,GA,,,,,,,,,,,GA,,,,,,,,,GA,,,,,Preview
Azure Stream Analytics,General,GA,GA,GA,GA,GA,GA,GA,GA,GA,GA,GA,GA,GA,GA,GA,GA,GA,GA,GA,GA,GA,GA,GA,GA,GA,GA,GA,GA,GA,GA,GA,GA,GA,GA,GA,GA,GA,GA,,GA,GA,GA,GA,GA,GA,GA,,GA,GA,GA,GA,GA,GA,GA,GA,GA,GA,GA,GA,GA,GA,GA,GA,GA,GA,GA
Azure Stream Analytics,Stream Analytics Dedicated,GA,GA,Preview,GA,,GA,GA,GA,Preview,GA,GA,Preview,,,GA,GA,,GA,GA,GA,Preview,Preview,GA,GA,GA,GA,GA,GA,GA,GA,GA,Preview,GA,Preview,GA,,,,,GA,Preview,GA,GA,GA,GA,GA,,GA,Preview,Preview,,GA,GA,GA,GA,GA,GA,GA,GA,GA,GA,Preview,GA,GA,GA,GA
Azure Synapse Analytics,General,GA,GA,GA,GA,,GA,GA,,GA,GA,GA,GA,,GA,GA,GA,GA,GA,GA,GA,GA,GA,GA,GA,GA,,GA,,GA,GA,GA,GA,GA,GA,GA,GA,GA,,,GA,GA,GA,,GA,GA,GA,,GA,GA,GA,GA,GA,,GA,GA,GA,,GA,GA,GA,GA,GA,GA,GA,GA,GA
Azure Update Manager,General,GA,Preview,GA,GA,GA,GA,GA,Preview,GA,GA,GA,GA,GA,GA,GA,GA,GA,GA,GA,GA,GA,GA,GA,GA,Preview,Preview,GA,,GA,GA,GA,GA,Preview,GA,Preview,GA,GA,GA,,GA,GA,GA,Preview,Preview,Preview,GA,Preview,GA,Preview,GA,GA,GA,Preview,GA,Preview,,Preview,GA,GA,GA,GA,GA,Preview,GA,GA,GA
Azure Usage Billing,General,,,GA,,,,,,,,,,,,,,,,,,,GA,GA,,,,,,,,,,,,,,,,,,GA,,,,,,,GA,,GA,,,,,,,,,GA,,,GA,,,GA,
Azure Virtual Desktop,General,,,,,,,,,,,,,,,,,,,,,,,,,,,,,,,,,,,,,,,GA,,,,,,,,,,,,,,,,,,,,,,,,,,,
Azure Virtual Network Manager,General,GA,GA,GA,GA,GA,GA,GA,GA,GA,GA,GA,GA,GA,,GA,GA,,GA,GA,GA,GA,GA,GA,GA,GA,GA,GA,,GA,GA,GA,GA,GA,GA,GA,GA,GA,GA,,GA,GA,GA,GA,GA,GA,GA,GA,GA,GA,GA,GA,GA,GA,GA,GA,GA,GA,GA,GA,GA,GA,GA,GA,GA,GA,GA
Azure VM Image Builder,General,,,GA,,GA,GA,GA,,GA,,GA,GA,GA,,,,,,Preview,GA,GA,GA,GA,GA,,,GA,,GA,,GA,GA,GA,GA,,GA,,GA,,GA,GA,GA,,GA,GA,GA,,GA,,GA,GA,GA,,GA,,GA,,GA,GA,,GA,GA,,GA,GA,GA
Azure VMware Solution,General,,,GA,GA,,,GA,,GA,GA,GA,GA,,,,,,,,,GA,GA,GA,GA,,,GA,,,,GA,GA,GA,,,,,,,GA,GA,,,,GA,GA,,GA,,GA,,GA,,GA,GA,,,GA,GA,GA,,GA,,GA,GA,GA
Azure VMware Solution,Azure VMware Solution: AV36 SKU,,,Closing Down,Closing Down,,,Closing Down,,Closing Down,Closing Down,,Closing Down,,,,,,,,,Closing Down,Closing Down,Closing Down,Closing Down,,,Closing Down,,,,,Closing Down,Closing Down,,,,,,,Closing Down,Closing Down,,,,,Closing Down,,Closing Down,,Closing Down,,Closing Down,,Closing Down,Closing Down,,,,Closing Down,Closing Down,,Closing Down,,Closing Down,,
Azure VMware Solution,Azure VMware Solution: AV36P SKU,,,Closing Down,,,,,,Closing Down,,Closing Down,Closing Down,,,,,,,,,Closing Down,Closing Down,Closing Down,,,,Closing Down,,,,Closing Down,,,,,,,,,Closing Down,,,,,Closing Down,,,Closing Down,,Closing Down,,,,Closing Down,,,,Closing Down,Closing Down,,,Closing Down,,Closing Down,Closing Down,Closing Down
Azure VMware Solution,Azure VMware Solution: AV48 SKU,,,,,,,,,,,,,,,,,,,,,,,,,,,GA,,,,,GA,,GA,,,,,,,,,,,,GA,,,,,GA,GA,,,,,,GA,,,,,,,,
Azure VMware Solution,Azure VMware Solution: AV52 SKU,,,,,,,,,,,,,,,,,,,,,,,Closing Down,,,,,,,,,,,,,,,,,,,,,,,,,Closing Down,,,,,,,,,,,Closing Down,,,Closing Down,,,,
Azure VMware Solution,Azure VMware Solution: AV64 SKU,,,GA,,,,GA,,GA,GA,GA,GA,,,,,,,,,GA,GA,GA,,,,GA,,,,GA,GA,GA,,,,,,,GA,GA,,,,,GA,,GA,,,,GA,,GA,GA,,,,GA,GA,,GA,,GA,GA,
Azure Web Application Firewall,General,GA,GA,GA,GA,GA,,GA,GA,GA,GA,GA,GA,GA,GA,GA,GA,GA,GA,GA,,GA,,GA,GA,GA,GA,GA,,GA,GA,GA,GA,GA,GA,GA,GA,GA,GA,,GA,GA,GA,GA,GA,GA,GA,GA,GA,GA,GA,GA,GA,GA,GA,GA,,GA,GA,GA,GA,GA,GA,GA,GA,GA,GA
Azure Web Application Firewall,Azure Web Application Firewall - Global (WAF on Azure Front Door),,,,,,,,,,,,,,,,,,,,,,,,,,,,,,,,,,,,,,,GA,,,,,,,,,,,,,,,,,,,,,,,,,,,
Azure Web Application Firewall,Azure Web Application Firewall - Regional (WAF on Application Gateway),GA,GA,GA,GA,GA,GA,GA,GA,GA,GA,GA,GA,GA,GA,GA,GA,GA,GA,GA,GA,GA,,GA,GA,GA,GA,GA,GA,GA,GA,,GA,GA,GA,GA,GA,,,,GA,GA,GA,GA,GA,GA,GA,GA,GA,GA,GA,,GA,GA,GA,GA,GA,GA,GA,GA,GA,GA,GA,GA,GA,GA,GA
Azure Web Application Firewall,Azure Web Application Firewall – Regional v2 (WAF on Application Gateway v2),,GA,GA,GA,GA,GA,GA,,GA,GA,GA,GA,GA,,GA,GA,,GA,GA,,GA,GA,GA,GA,Preview,,GA,,GA,GA,,GA,GA,GA,GA,GA,,,,GA,GA,GA,GA,GA,GA,GA,GA,GA,GA,GA,,GA,GA,GA,,,,GA,GA,,,GA,GA,GA,GA,GA
Azure Web PubSub,General,GA,,GA,GA,GA,,GA,,GA,GA,GA,GA,,,GA,Preview,,GA,GA,,GA,GA,GA,GA,,,GA,,,,GA,GA,GA,GA,,GA,,GA,,GA,GA,GA,,GA,GA,GA,,GA,GA,GA,GA,GA,,GA,GA,GA,,GA,GA,GA,GA,GA,,GA,GA,GA
Backup,General,GA,GA,GA,GA,GA,GA,GA,GA,GA,GA,GA,GA,GA,GA,GA,GA,GA,GA,GA,,GA,GA,GA,GA,GA,GA,GA,,GA,GA,GA,GA,GA,GA,GA,GA,GA,GA,,GA,GA,GA,GA,GA,GA,GA,GA,GA,GA,GA,GA,GA,GA,GA,GA,GA,GA,GA,GA,GA,GA,GA,GA,GA,GA,GA
Backup,AKS Cluster Backup,,,Preview,,,,,,,,,,,,,,,,,,,Preview,Preview,,,,,,,,,,,,,,,,,,Preview,,,,,,,Preview,,Preview,,Preview,,,,,,,Preview,,,Preview,,Preview,Preview,Preview
Backup,Azure Files backup,,,GA,,,,,,,,,GA,,,,,,,,,,GA,GA,,,,GA,,,,,,,,,,,,,,GA,,,,,,,GA,,GA,,GA,,,,,,,GA,,,GA,,,GA,GA
Bandwidth,General,GA,GA,GA,GA,GA,,GA,GA,GA,GA,GA,GA,GA,,GA,GA,,GA,GA,,GA,GA,GA,GA,GA,GA,GA,,GA,GA,GA,GA,GA,GA,GA,,GA,GA,,GA,GA,GA,GA,GA,GA,GA,GA,GA,GA,GA,GA,GA,GA,GA,GA,GA,GA,GA,GA,GA,GA,GA,GA,GA,GA,GA
Batch,General,GA,GA,GA,GA,GA,GA,GA,GA,GA,GA,GA,GA,GA,GA,GA,GA,GA,GA,GA,GA,GA,GA,GA,GA,GA,,GA,GA,GA,GA,GA,GA,GA,GA,GA,GA,GA,GA,,GA,GA,GA,,GA,GA,GA,GA,GA,GA,GA,GA,GA,,GA,GA,GA,,GA,GA,GA,GA,GA,GA,GA,GA,GA
BizTalk Services,General,,,,,,,Closing Down,,,,,,,,,,,,,,Closing Down,Closing Down,,,,,,,,,,Closing Down,Closing Down,,,,,,,Closing Down,Closing Down,,,,,,,Closing Down,,Closing Down,,,,,,,,,,,,Closing Down,,Closing Down,,
Cloud Services,Av2-Series,Closing Down,Closing Down,Closing Down,Closing Down,Closing Down,Closing Down,Closing Down,Closing Down,Closing Down,Closing Down,Closing Down,Closing Down,Closing Down,Closing Down,Closing Down,Closing Down,Closing Down,Closing Down,Closing Down,Closing Down,Closing Down,Closing Down,Closing Down,Closing Down,Closing Down,Closing Down,Closing Down,,Closing Down,Closing Down,Closing Down,Closing Down,Closing Down,Closing Down,Closing Down,Closing Down,Closing Down,Closing Down,,Closing Down,Closing Down,Closing Down,Closing Down,Closing Down,Closing Down,Closing Down,Closing Down,Closing Down,Closing Down,Closing Down,Closing Down,Closing Down,Closing Down,Closing Down,Closing Down,Closing Down,Closing Down,Closing Down,Closing Down,Closing Down,Closing Down,Closing Down,Closing Down,Closing Down,Closing Down,Closing Down
Cloud Services,D-Series,GA,GA,GA,GA,,GA,GA,GA,GA,,,GA,,GA,,,GA,,,GA,GA,GA,GA,,GA,,,,GA,,,GA,GA,,,,,,,GA,GA,,,,,GA,GA,GA,,GA,,,,,,GA,GA,GA,GA,,,GA,,GA,,
Cloud Services,Dv2-Series,GA,GA,GA,GA,GA,GA,GA,GA,GA,GA,GA,GA,GA,GA,GA,GA,GA,GA,GA,GA,GA,GA,GA,GA,GA,GA,GA,,GA,GA,GA,GA,GA,GA,GA,GA,GA,GA,,GA,GA,GA,GA,GA,GA,GA,GA,GA,GA,GA,GA,GA,GA,GA,GA,GA,GA,GA,GA,GA,GA,GA,GA,GA,GA,GA
Cloud Services,Dv3-Series,GA,GA,GA,GA,GA,GA,GA,GA,GA,GA,GA,GA,GA,GA,GA,GA,,GA,GA,GA,GA,GA,GA,GA,GA,GA,GA,,GA,GA,GA,GA,GA,GA,GA,GA,GA,GA,,GA,GA,GA,GA,GA,GA,GA,GA,GA,GA,GA,GA,GA,GA,GA,GA,GA,GA,GA,GA,GA,GA,GA,GA,GA,GA,GA
Cloud Services,Ev3-Series,GA,GA,GA,GA,GA,GA,GA,GA,GA,GA,GA,GA,GA,GA,GA,GA,,GA,GA,GA,GA,GA,GA,GA,GA,GA,GA,,GA,GA,GA,GA,GA,GA,GA,GA,GA,GA,,GA,GA,GA,GA,GA,GA,GA,GA,GA,GA,GA,GA,GA,GA,GA,GA,GA,GA,GA,GA,GA,GA,GA,GA,GA,GA,GA
Cloud Services,G-Series,GA,,GA,GA,,,GA,,GA,GA,GA,GA,,,,,,,,,GA,GA,GA,GA,,,,,,,,GA,GA,GA,,,,,,GA,GA,,,,,GA,,GA,GA,GA,,,,,,,,,GA,GA,GA,GA,,GA,GA,
Cloud Services,M-Series,GA,GA,GA,GA,,,GA,GA,GA,GA,GA,GA,,,GA,GA,,GA,GA,,GA,GA,GA,GA,,GA,GA,,,,GA,GA,GA,GA,GA,,GA,,,GA,GA,GA,,GA,GA,GA,GA,GA,GA,GA,,GA,,GA,GA,,GA,GA,GA,GA,,GA,,GA,GA,GA
Cloud Services Extended Support,General,Closing Down,Closing Down,Closing Down,Closing Down,Closing Down,,Closing Down,Closing Down,Closing Down,Closing Down,Closing Down,Closing Down,Closing Down,,Closing Down,Closing Down,Closing Down,Closing Down,Closing Down,,Closing Down,Closing Down,Closing Down,Closing Down,Closing Down,Closing Down,Closing Down,,Closing Down,Closing Down,Closing Down,Closing Down,Closing Down,Closing Down,Closing Down,,Closing Down,Closing Down,,Closing Down,Closing Down,Closing Down,Closing Down,Closing Down,Closing Down,Closing Down,Closing Down,Closing Down,Closing Down,Closing Down,Closing Down,Closing Down,Closing Down,Closing Down,Closing Down,Closing Down,Closing Down,Closing Down,Closing Down,Closing Down,Closing Down,Closing Down,Closing Down,Closing Down,Closing Down,Closing Down
Cloud Shell,General,,,,,,,,,,,,,,,,,,,,,,,,,,,,,,,,,,,,,,,GA,,,,,,,,,,,,,,,,,,,,,,,,,,,
Container Instances,General,GA,GA,GA,GA,GA,GA,GA,GA,GA,GA,GA,GA,GA,,GA,GA,,,GA,GA,GA,GA,GA,GA,GA,GA,GA,GA,GA,GA,GA,GA,GA,GA,GA,GA,GA,GA,,GA,GA,GA,GA,GA,GA,GA,GA,GA,GA,GA,GA,GA,GA,GA,GA,GA,GA,GA,GA,GA,GA,GA,GA,GA,GA,GA
Container Registry,General,GA,GA,GA,GA,GA,GA,GA,GA,GA,GA,GA,GA,GA,GA,GA,GA,GA,GA,GA,GA,GA,GA,GA,GA,GA,GA,GA,GA,GA,GA,GA,GA,GA,GA,GA,GA,GA,GA,,GA,GA,GA,GA,GA,GA,GA,GA,GA,GA,GA,GA,GA,GA,GA,GA,GA,GA,GA,GA,GA,GA,GA,,GA,GA,GA
Content Delivery Network,General,,,,,,,,,,,,,,,,,,,,,,,,,,,,,,,,,,,,,,,GA,,,,,,,,,,,,,,,,,,,,,,,,,,,
Cost Management,General,,,,,,,,,,,,,,,,,,,,,,,,,,,,,,,,,,,,,,,GA,,,,,,,,,,,,,,,,,,,,,,,,,,,
Customer Lockbox for Microsoft Azure,General,,,,,,,,,,,,,,,,,,,,,,,,,,,,,,,,,,,,,,,GA,,,,,,,,,,,,,,,,,,,,,,,,,,,
Data Factory,General,,,GA,GA,GA,GA,GA,,GA,GA,GA,GA,GA,,GA,GA,,GA,GA,GA,GA,GA,GA,GA,,,GA,,GA,GA,GA,GA,GA,GA,,GA,GA,GA,,GA,GA,GA,,GA,GA,GA,,GA,GA,GA,GA,GA,,GA,GA,GA,,GA,GA,GA,GA,GA,,GA,GA,GA
Defender TI,General,,,,,,,,,,,,,,,,,,,,,,,,,,,,,,,,,,,,,,,,,,,,,,,,,,Closing Down,,,,,,,,,Closing Down,,,,,,,
Device Update for IoT Hub,General,,,GA,,,,,,,,,,,,,,,,,,,GA,GA,,,,,,,,,,,,,,,,,,GA,,,,,,,GA,,GA,,GA,,,,,,,GA,,,GA,,,GA,GA
Event Grid,General,GA,GA,GA,GA,GA,GA,GA,GA,GA,GA,GA,GA,GA,GA,GA,GA,GA,GA,GA,GA,GA,GA,GA,GA,GA,GA,GA,,,,,GA,GA,GA,GA,GA,GA,GA,,GA,GA,GA,GA,,GA,GA,GA,GA,GA,GA,GA,GA,Preview,GA,GA,GA,GA,GA,GA,GA,GA,GA,GA,GA,GA,GA
Event Grid,Event Grid Namespace,,,GA,GA,,GA,GA,GA,GA,GA,GA,GA,,,,,,,,,GA,GA,GA,GA,,,GA,,GA,GA,GA,GA,GA,GA,GA,,,,,GA,GA,GA,,GA,,,GA,GA,GA,GA,,GA,,GA,,GA,,GA,GA,GA,,GA,,GA,GA,GA
Event Hubs,General,GA,GA,GA,GA,GA,GA,GA,GA,GA,GA,GA,GA,GA,GA,GA,GA,GA,GA,GA,GA,GA,GA,GA,GA,GA,GA,GA,GA,GA,GA,GA,GA,GA,GA,GA,GA,GA,GA,,GA,GA,GA,GA,GA,GA,GA,GA,GA,GA,GA,GA,GA,GA,GA,GA,GA,GA,GA,GA,GA,GA,GA,GA,GA,GA,GA
Event Hubs,Azure Event Hubs Premium SKU,GA,,GA,GA,GA,GA,GA,,GA,GA,GA,GA,GA,,,,,,GA,GA,GA,GA,GA,GA,,,GA,GA,GA,,GA,GA,GA,GA,GA,GA,,,,GA,GA,GA,GA,GA,GA,GA,,GA,GA,GA,GA,GA,,GA,GA,GA,,GA,GA,GA,GA,GA,,GA,GA,GA
ExpressRoute,General,GA,GA,GA,GA,GA,GA,GA,GA,GA,GA,GA,GA,GA,GA,GA,GA,GA,GA,GA,GA,GA,GA,GA,GA,GA,GA,GA,GA,GA,GA,GA,GA,GA,GA,GA,GA,GA,GA,,GA,GA,GA,GA,GA,GA,GA,GA,GA,GA,GA,GA,GA,GA,GA,GA,GA,GA,GA,GA,GA,GA,GA,GA,GA,GA,GA
ExpressRoute,ExpressRoute Gateways,GA,GA,GA,GA,GA,GA,GA,GA,GA,GA,GA,GA,GA,GA,GA,GA,GA,GA,GA,GA,GA,GA,GA,GA,GA,GA,GA,GA,GA,GA,GA,GA,GA,GA,GA,GA,GA,GA,,GA,GA,GA,GA,GA,GA,GA,GA,GA,GA,GA,GA,GA,Preview,GA,GA,GA,GA,GA,GA,GA,GA,GA,GA,GA,GA,GA
Firmware Analysis,General,,,,,,,,,,,,,,,,,,,,,,Preview,,,,,,,,,,,,,,,,,,,,,,,,,,,,,,,,,,,,,,,,Preview,,,,
Fluid Relay Service,General,,,GA,,,,GA,,GA,,GA,GA,,,,,,,GA,,GA,GA,GA,GA,,,GA,,,,GA,GA,,GA,,,,,,,GA,GA,,GA,,GA,,GA,,GA,,GA,,GA,,,,GA,GA,,,GA,,,GA,GA
Functions,General,GA,GA,GA,GA,GA,GA,GA,GA,GA,GA,GA,GA,GA,,GA,GA,GA,GA,GA,GA,GA,GA,GA,GA,GA,GA,GA,GA,GA,GA,GA,GA,GA,GA,GA,GA,GA,GA,,GA,GA,GA,GA,GA,GA,GA,,GA,GA,GA,GA,GA,GA,GA,GA,GA,GA,GA,GA,GA,GA,GA,GA,GA,GA,GA
Functions,Azure Functions on Azure Container Apps,,,Preview,,,,Preview,,Preview,Preview,Preview,Preview,,,,,,,Preview,,Preview,Preview,Preview,Preview,,,Preview,,,,,Preview,,Preview,,,,,,Preview,Preview,Preview,,,,Preview,,Preview,,Preview,,Preview,,Preview,,,,Preview,Preview,Preview,Preview,Preview,,Preview,Preview,Preview
Functions,Consumption Plan,GA,GA,GA,GA,GA,GA,GA,GA,GA,GA,GA,GA,GA,,GA,GA,GA,GA,GA,GA,GA,GA,GA,GA,GA,GA,GA,GA,GA,GA,GA,GA,GA,GA,GA,GA,GA,GA,,GA,GA,GA,GA,GA,GA,GA,,GA,GA,GA,GA,GA,GA,GA,GA,GA,GA,GA,GA,GA,GA,GA,GA,GA,GA,GA
Functions,Consumption Plan Linux,Closing Down,,Closing Down,Closing Down,Closing Down,Closing Down,Closing Down,,Closing Down,Closing Down,Closing Down,Closing Down,Closing Down,,,,,,,Closing Down,Closing Down,Closing Down,Closing Down,Closing Down,,,Closing Down,,Closing Down,Closing Down,Closing Down,Closing Down,Closing Down,Closing Down,,Closing Down,Closing Down,Closing Down,,Closing Down,Closing Down,Closing Down,,Closing Down,Closing Down,Closing Down,,Closing Down,Closing Down,Closing Down,Closing Down,Closing Down,,Closing Down,,Closing Down,,Closing Down,Closing Down,Closing Down,Closing Down,Closing Down,Closing Down,Closing Down,Closing Down,Closing Down
Functions,Dedicated Plan,GA,GA,GA,GA,GA,GA,GA,GA,GA,GA,GA,GA,GA,GA,GA,GA,GA,GA,GA,GA,GA,GA,GA,GA,GA,,GA,GA,GA,GA,GA,GA,GA,GA,GA,GA,GA,GA,,GA,GA,GA,GA,GA,GA,GA,GA,GA,GA,GA,GA,GA,GA,GA,GA,GA,GA,GA,GA,GA,GA,GA,GA,GA,GA,GA
Functions,Dedicated Plan Linux,GA,GA,GA,GA,GA,GA,GA,GA,GA,GA,GA,GA,GA,,GA,GA,,GA,GA,GA,GA,GA,GA,GA,GA,GA,GA,GA,GA,GA,GA,GA,GA,GA,GA,GA,GA,GA,,GA,GA,GA,GA,GA,GA,GA,GA,GA,GA,GA,GA,GA,GA,GA,GA,GA,GA,GA,GA,GA,GA,GA,GA,GA,GA,GA
Functions,Flex Consumption,,,GA,GA,GA,GA,GA,,GA,GA,GA,GA,,,,,,,,,GA,GA,GA,GA,GA,GA,GA,,GA,GA,GA,GA,GA,GA,GA,GA,GA,GA,,GA,GA,GA,GA,GA,,GA,GA,GA,GA,GA,GA,GA,,GA,GA,GA,GA,GA,GA,GA,GA,GA,,GA,GA,GA
Functions,Premium Plan,GA,GA,GA,GA,GA,GA,GA,,GA,GA,GA,GA,GA,,GA,GA,,GA,GA,GA,GA,GA,GA,GA,GA,GA,GA,GA,GA,GA,GA,GA,GA,GA,GA,GA,GA,GA,,GA,GA,GA,GA,GA,GA,GA,GA,GA,GA,GA,GA,GA,GA,GA,GA,GA,GA,GA,GA,GA,GA,GA,GA,GA,GA,GA
Functions,Premium Plan Linux,GA,,GA,GA,GA,GA,GA,,GA,GA,GA,GA,GA,,GA,GA,,GA,GA,GA,GA,GA,GA,GA,GA,GA,GA,GA,GA,GA,GA,GA,GA,GA,GA,GA,GA,GA,,GA,GA,GA,GA,GA,GA,GA,GA,GA,GA,GA,GA,GA,GA,GA,GA,GA,GA,GA,GA,GA,GA,GA,GA,GA,GA,GA
HDInsight,General,GA,,GA,GA,GA,GA,GA,GA,GA,GA,GA,GA,GA,GA,GA,GA,GA,GA,GA,GA,GA,GA,GA,GA,,GA,GA,,GA,GA,GA,GA,GA,GA,GA,GA,GA,GA,,GA,GA,GA,,GA,GA,GA,,GA,GA,GA,GA,GA,GA,GA,GA,GA,GA,GA,GA,GA,GA,GA,,GA,GA,GA
HDInsight,Enterprise Security Package,Closing Down,,Closing Down,Closing Down,,,Closing Down,Closing Down,Closing Down,Closing Down,Closing Down,Closing Down,,Closing Down,Closing Down,Closing Down,Closing Down,Closing Down,Closing Down,,Closing Down,Closing Down,Closing Down,Closing Down,,Closing Down,Closing Down,,,,,Closing Down,Closing Down,Closing Down,Closing Down,,,,,Closing Down,Closing Down,Closing Down,,Closing Down,Closing Down,Closing Down,,Closing Down,Closing Down,Closing Down,,Closing Down,Closing Down,Closing Down,Closing Down,,Closing Down,Closing Down,Closing Down,Closing Down,Closing Down,Closing Down,,Closing Down,Closing Down,Closing Down
Healthcare Agent Service,General,,,GA,,,,,,,,GA,,,,,,,,,,,GA,GA,,,,,,,,,,,,,,,,,,GA,,,,,,,GA,,GA,,,,,,,,GA,GA,,GA,GA,,,GA,
IoT Central,General,,,GA,,,GA,,,GA,,,GA,,,,,,,,,,GA,GA,,,,,,,,,GA,GA,,,,,,,GA,GA,,,,,,,GA,,GA,,,,,,GA,,,GA,,GA,GA,,GA,,
IoT Hub,General,GA,GA,GA,GA,,,GA,,GA,GA,GA,GA,,GA,GA,GA,GA,GA,GA,,GA,GA,GA,GA,GA,GA,GA,,,,,GA,GA,GA,GA,,,,,GA,GA,GA,GA,,GA,GA,GA,GA,GA,GA,,,,GA,GA,GA,GA,GA,GA,GA,GA,GA,,GA,GA,GA
IoT Hub,IoT Hub Device Provisioning Service,GA,GA,GA,GA,,GA,GA,,GA,GA,GA,GA,,,GA,,,GA,,,GA,GA,GA,GA,GA,,GA,,GA,,,GA,GA,GA,GA,,,,,GA,GA,,,,,,,GA,GA,GA,,,,,,GA,GA,GA,GA,GA,GA,GA,,GA,GA,GA
IP Services,General,GA,GA,GA,GA,GA,GA,GA,GA,GA,GA,GA,GA,GA,GA,GA,GA,GA,GA,GA,GA,GA,GA,GA,GA,GA,GA,GA,,GA,GA,GA,GA,GA,GA,GA,GA,GA,GA,,GA,GA,GA,GA,GA,GA,GA,GA,GA,GA,GA,GA,GA,GA,GA,GA,GA,GA,GA,GA,GA,GA,GA,GA,GA,GA,GA
IP Services,Azure Custom IP Prefix,GA,GA,GA,GA,GA,GA,GA,,GA,GA,GA,GA,GA,,,,,,,GA,GA,GA,GA,GA,,,GA,GA,GA,GA,GA,GA,GA,GA,,GA,GA,GA,,GA,GA,GA,GA,GA,GA,GA,,GA,GA,GA,GA,GA,,GA,,GA,,GA,GA,GA,GA,GA,GA,GA,GA,GA
IP Services,Azure Public IP Address Basic,GA,GA,GA,GA,GA,GA,GA,GA,GA,GA,GA,GA,GA,GA,GA,GA,GA,GA,GA,GA,GA,GA,GA,GA,GA,GA,GA,,GA,GA,GA,GA,GA,GA,GA,GA,GA,GA,,GA,GA,GA,GA,GA,GA,GA,GA,GA,GA,GA,GA,GA,GA,GA,GA,GA,GA,GA,GA,GA,GA,GA,GA,GA,GA,GA
IP Services,Azure Public IP Address Standard,GA,GA,GA,GA,GA,GA,GA,GA,GA,GA,GA,GA,GA,GA,GA,GA,GA,GA,GA,GA,GA,GA,GA,GA,GA,GA,GA,GA,GA,GA,GA,GA,GA,GA,GA,GA,GA,GA,,GA,GA,GA,GA,GA,GA,GA,GA,GA,GA,GA,GA,GA,GA,GA,GA,GA,GA,GA,GA,GA,GA,GA,GA,GA,GA,GA
IP Services,Azure Public IP Prefix,GA,GA,GA,GA,GA,GA,GA,GA,GA,GA,GA,GA,GA,GA,GA,GA,GA,GA,GA,GA,GA,GA,GA,GA,GA,GA,GA,GA,GA,GA,GA,GA,GA,GA,GA,GA,GA,GA,,GA,GA,GA,GA,GA,GA,GA,GA,GA,GA,GA,GA,GA,GA,GA,GA,GA,GA,GA,GA,GA,GA,GA,GA,GA,GA,GA
Key Vault,General,GA,GA,GA,GA,GA,GA,GA,GA,GA,GA,GA,GA,GA,GA,GA,GA,GA,GA,GA,GA,GA,GA,GA,GA,GA,GA,GA,GA,GA,GA,GA,GA,GA,GA,GA,GA,GA,GA,,GA,GA,GA,GA,GA,GA,GA,GA,GA,GA,GA,GA,GA,GA,GA,GA,GA,GA,GA,GA,GA,GA,GA,GA,GA,GA,GA
Key Vault,Azure Key Vault Managed HSM,GA,GA,GA,GA,GA,GA,GA,GA,GA,GA,GA,GA,GA,,GA,GA,,GA,GA,GA,GA,GA,GA,GA,GA,GA,GA,,GA,GA,GA,GA,GA,GA,GA,GA,GA,GA,,GA,GA,GA,GA,GA,GA,GA,GA,GA,GA,GA,GA,GA,GA,GA,GA,GA,GA,GA,GA,GA,GA,GA,GA,GA,GA,GA
Key Vault,Premium,GA,GA,GA,GA,GA,GA,GA,GA,GA,GA,GA,GA,GA,,,,,,,GA,GA,GA,GA,GA,GA,GA,GA,GA,GA,GA,GA,GA,GA,GA,GA,GA,GA,GA,,GA,GA,GA,GA,GA,GA,GA,GA,GA,GA,GA,GA,GA,GA,GA,GA,GA,GA,GA,GA,GA,GA,GA,GA,GA,GA,GA
Logic Apps,General,,,GA,GA,GA,GA,GA,GA,GA,GA,GA,GA,GA,GA,GA,,GA,GA,Preview,GA,GA,GA,GA,GA,GA,GA,GA,GA,GA,GA,GA,GA,GA,GA,GA,GA,GA,GA,,GA,GA,GA,GA,GA,GA,GA,GA,GA,GA,GA,GA,GA,,GA,GA,GA,GA,GA,GA,GA,GA,GA,GA,GA,GA,GA
Logic Apps,Azure Logic Apps Standard,,,GA,,,,,,,,,GA,,,,,,,,,,GA,GA,,,,GA,,GA,,GA,,,,,,GA,GA,,,GA,,,,,,,GA,,GA,,GA,,,,GA,,,GA,,,GA,,,GA,GA
Logic Apps,Logic Apps Hybrid,,,,,,,,,,,,Preview,,,,,,,,,Preview,Preview,,,,,,,,,,,,,,,,,,Preview,,,,,,,,,,Preview,,Preview,,,,,,,Preview,,,Preview,,Preview,,
Logic Apps,Logic Apps Integration Service Environment,,,GA,GA,,,GA,,GA,,GA,GA,,,,,,,,,GA,GA,GA,GA,,,,,,,,GA,GA,,,,,,,GA,GA,GA,,,,GA,,GA,GA,GA,,,,,GA,,,GA,GA,GA,,GA,,GA,GA,
Managed DevOps Pools,General,,,GA,GA,,,GA,,GA,,GA,GA,,,,,,,,,GA,GA,GA,GA,,,GA,,,,GA,GA,,GA,,,,,,GA,GA,GA,,,,,,GA,,GA,,GA,,GA,,,,GA,GA,GA,GA,GA,,GA,GA,GA
Microsoft Azure Attestation,General,GA,,GA,GA,GA,GA,GA,,GA,GA,GA,GA,GA,,,,,,,GA,GA,GA,GA,GA,,,GA,,GA,GA,GA,GA,GA,GA,,GA,GA,GA,,GA,GA,GA,,GA,,GA,,GA,GA,GA,GA,GA,,Preview,,,,GA,GA,GA,GA,GA,GA,GA,GA,GA
Microsoft Azure classic portal,General,,,,,,,,,,,,,,,,,,,,,,,,,,,,,,,,,,,,,,,Closing Down,,,,,,,,,,,,,,,,,,,,,,,,,,,
Microsoft Azure Managed Instance for Apache Cassandra,General,GA,,GA,GA,GA,GA,GA,GA,GA,GA,GA,GA,GA,,,,,,,GA,GA,GA,GA,GA,,GA,GA,,GA,GA,GA,GA,GA,GA,GA,GA,GA,GA,,GA,GA,GA,GA,GA,GA,GA,GA,GA,GA,GA,GA,GA,GA,GA,GA,,GA,GA,GA,GA,GA,GA,GA,GA,GA,GA
Microsoft Azure Peering Service,General,,,,,,,,,,,,,,,,,,,,,,,,,,,,,,,,,,,,,,,GA,,,,,,,,,,,,,,,,,,,,,,,,,,,
Microsoft Azure portal,General,,,,,,,,,,,,,,,,,,,,,,,,,,,,,,,,,,,,,,,GA,,,,,,,,,,,,,,,,,,,,,,,,,,,
Microsoft Defender for Cloud,General,,,,,,,,,,,,,,,,,,,,,,,,,,,,,,,,,,,,,,,GA,,,,,,,,,,,,,,,,,,,,,,,,,,,
Microsoft Defender for Cloud,Azure Defender for SQL,GA,GA,GA,GA,,,GA,GA,GA,GA,GA,GA,,Preview,Preview,Preview,Preview,Preview,Preview,,GA,GA,GA,GA,GA,GA,GA,,,GA,GA,GA,GA,GA,GA,,,,,GA,GA,GA,GA,GA,GA,GA,GA,GA,GA,GA,GA,GA,GA,GA,GA,,GA,GA,GA,GA,GA,GA,GA,GA,GA,GA
Microsoft Defender for Cloud Apps,General,,,,,,,,,,,,,,,,,,,,,,,,,,,,,,,,,,,,,,,GA,,,,,,,,,,,,,,,,,,,,,,,,,,,
Microsoft Defender for DevOps,General,,,Closing Down,,,,,,,,,Closing Down,,,,,,,,,,,,,,,,,,,,,,,,,,,,,,,,,,,,,,,,,,,,,,,Closing Down,,,Closing Down,,,,
Microsoft Defender for Identity,General,,,,,,,,,,,,,,,,,,,,,,,,,,,,,,,,,,,,,,,GA,,,,,,,,,,,,,,,,,,,,,,,,,,,
Microsoft Dev Box,General,,,GA,,,,GA,,GA,,GA,GA,,,,,,,,,GA,GA,GA,Preview,,,GA,,,,GA,GA,GA,GA,,,,,,,GA,,,GA,,GA,,GA,,GA,GA,GA,,GA,,,,GA,GA,,,GA,,,Preview,GA
Microsoft Entra Domain Services,General,,,GA,GA,GA,GA,GA,,GA,GA,GA,GA,GA,,GA,,,GA,GA,GA,GA,GA,GA,GA,,GA,GA,,GA,GA,GA,GA,GA,GA,GA,GA,GA,GA,,GA,GA,GA,,GA,GA,GA,,GA,GA,GA,GA,GA,,GA,GA,,,GA,GA,GA,GA,GA,GA,GA,GA,GA
Microsoft Entra ID,General,,,,,,,,,,,,,,,,,,,,,,,,,,,,,,,,,,,,,,,GA,,,,,,,,,,,,,,,,,,,,,,,,,,,
Microsoft Entra ID,Free,,,,,,,,,,,,,,,,,,,,,,,,,,,,,,,,,,,,,,,GA,,,,,,,,,,,,,,,,,,,,,,,,,,,
Microsoft Entra ID,Premium P1,,,,,,,,,,,,,,,,,,,,,,,,,,,,,,,,,,,,,,,GA,,,,,,,,,,,,,,,,,,,,,,,,,,,
Microsoft Entra ID,Premium P2,,,,,,,,,,,,,,,,,,,,,,,,,,,,,,,,,,,,,,,GA,,,,,,,,,,,,,,,,,,,,,,,,,,,
Microsoft Fabric,General,,,Preview,GA,,,GA,,GA,GA,GA,GA,,,,,,,,,GA,GA,GA,GA,,,GA,,,GA,GA,GA,GA,GA,,,GA,,,GA,GA,GA,,GA,,GA,,GA,GA,GA,GA,GA,,GA,GA,,,GA,GA,GA,GA,GA,,GA,GA,GA
Microsoft Foundry,General,,,GA,,,,GA,,GA,GA,GA,GA,,,GA,,GA,,GA,,GA,GA,GA,GA,,,GA,,GA,,GA,GA,GA,GA,,Preview,,,,GA,GA,GA,,GA,GA,GA,,GA,GA,GA,GA,GA,,GA,GA,GA,,GA,GA,,GA,GA,,GA,GA,GA
Microsoft Foundry,Azure AI Anomaly Detector,,,Closing Down,,,,Closing Down,Closing Down,Closing Down,,Closing Down,Closing Down,,,Closing Down,,Closing Down,,,,Closing Down,Closing Down,Closing Down,Closing Down,,,Closing Down,,,,,Closing Down,Closing Down,Closing Down,,,,,,Closing Down,Closing Down,Closing Down,,,Closing Down,Closing Down,,Closing Down,,Closing Down,,Closing Down,,Closing Down,,,,Closing Down,Closing Down,Closing Down,Closing Down,Closing Down,,Closing Down,Closing Down,Closing Down
Microsoft Foundry,Azure AI Content Moderator,,,Closing Down,,,Closing Down,Closing Down,,Closing Down,,Closing Down,Closing Down,,,Closing Down,,Closing Down,,,Closing Down,Closing Down,Closing Down,Closing Down,Closing Down,,,Closing Down,,Closing Down,,,Closing Down,Closing Down,Closing Down,,,,,,Closing Down,Closing Down,Closing Down,,,Closing Down,Closing Down,,Closing Down,,Closing Down,,Closing Down,,Closing Down,Closing Down,Closing Down,,Closing Down,Closing Down,,Closing Down,,,Closing Down,Closing Down,Closing Down
Microsoft Foundry,Azure AI Immersive Reader,,,GA,,,,GA,,GA,,GA,GA,,,,,,,,,GA,GA,GA,GA,,,GA,,,,,GA,GA,GA,,,,,,GA,GA,GA,,,,GA,,GA,,GA,,GA,,GA,GA,,,GA,GA,,GA,GA,,GA,GA,GA
Microsoft Foundry,Azure AI Metrics Advisor,,,Closing Down,,,,Closing Down,,Closing Down,,Closing Down,Closing Down,,,Closing Down,,,,,,Closing Down,Closing Down,Closing Down,Closing Down,,,Closing Down,,,,,Closing Down,,Closing Down,,,,,,Closing Down,Closing Down,,,,,,,Closing Down,,Closing Down,,Closing Down,,,Closing Down,,,Closing Down,Closing Down,,,Closing Down,,Closing Down,Closing Down,Closing Down
Microsoft Foundry,Azure Content Understanding,,,GA,,,,,,GA,,,,,,,,,,,,,GA,GA,,,,,,,,,GA,,,,,,,,,GA,,,,,,,GA,,GA,,GA,,,,,,,GA,,,GA,,GA,GA,GA
Microsoft Foundry,Azure Custom Vision,,,Closing Down,,,,,,,,Closing Down,,,,,,,,,,,Closing Down,Closing Down,,,,Closing Down,,,,,Closing Down,,,,,,,,Closing Down,Closing Down,,,,,,,Closing Down,,Closing Down,,Closing Down,,,,,,,Closing Down,,,Closing Down,,,Closing Down,
Microsoft Foundry,Azure Document Intelligence,,,GA,,GA,,GA,,GA,,GA,GA,,,GA,,,GA,GA,,GA,GA,GA,GA,,,GA,,,,GA,GA,GA,GA,,,,,,GA,GA,GA,,,GA,GA,,GA,,GA,,GA,,GA,GA,,,GA,GA,,GA,GA,,GA,GA,GA
Microsoft Foundry,Azure Language,,,GA,,GA,GA,GA,,GA,GA,GA,GA,,,GA,,GA,GA,GA,,GA,GA,GA,GA,,,GA,,GA,,GA,GA,GA,GA,,,,,,GA,GA,GA,,,GA,GA,,GA,,GA,,GA,,GA,GA,GA,,GA,GA,,GA,GA,,GA,GA,GA
Microsoft Foundry,Azure Machine Learning,,,GA,GA,,,GA,,GA,GA,GA,GA,,,GA,GA,,,GA,,GA,GA,GA,GA,,,GA,,,GA,GA,GA,GA,GA,,GA,,,,GA,GA,GA,,GA,GA,GA,,GA,GA,GA,GA,GA,,GA,GA,GA,,GA,GA,GA,GA,GA,,GA,GA,GA
Microsoft Foundry,Azure Speech,,,GA,,,GA,GA,,GA,GA,GA,GA,,,GA,,,GA,GA,GA,GA,GA,GA,GA,,,GA,,GA,,GA,GA,GA,GA,,,,,,GA,GA,GA,,,GA,GA,,GA,,GA,,GA,,GA,GA,GA,,GA,GA,GA,GA,GA,,GA,GA,GA
Microsoft Foundry,Azure Translator,,,,,,,,,,,,,,,,,,,,,,,,,,,,,,,,,,,,,,,GA,,,,,,,,,,,,,,,,,,,,,,,,,,,
Microsoft Foundry,Azure Vision,,,Closing Down,,,Closing Down,Closing Down,,Closing Down,Closing Down,Closing Down,Closing Down,,Closing Down,,,Closing Down,Closing Down,Closing Down,,Closing Down,Closing Down,Closing Down,Closing Down,,,Closing Down,,Closing Down,,Closing Down,Closing Down,Closing Down,Closing Down,,,,,,Closing Down,Closing Down,Closing Down,,,Closing Down,Closing Down,,Closing Down,,Closing Down,,Closing Down,,Closing Down,Closing Down,Closing Down,,Closing Down,Closing Down,,Closing Down,Closing Down,,Closing Down,Closing Down,Closing Down
Microsoft Foundry,Azure Vision - Face,,,GA,,,GA,GA,,GA,,GA,GA,,,,,,,,,GA,GA,GA,GA,,,GA,,GA,,GA,GA,GA,GA,,,,,,GA,GA,GA,,,GA,GA,,GA,,GA,,GA,,GA,GA,GA,,GA,GA,GA,GA,GA,,GA,GA,GA
Microsoft Foundry,Bing Autosuggest,,,,,,,,,,,,,,,,,,,,,,,,,,,,,,,,,,,,,,,Closing Down,,,,,,,,,,,,,,,,,,,,,,,,,,,
Microsoft Foundry,Bing Custom Search,,,,,,,,,,,,,,,,,,,,,,,,,,,,,,,,,,,,,,,Closing Down,,,,,,,,,,,,,,,,,,,,,,,,,,,
Microsoft Foundry,Bing Visual Search,,,,,,,,,,,,,,,,,,,,,,,,,,,,,,,,,,,,,,,Closing Down,,,,,,,,,,,,,,,,,,,,,,,,,,,
Microsoft Foundry,Bing Web Search,,,,,,,,,,,,,,,,,,,,,,,,,,,,,,,,,,,,,,,Closing Down,,,,,,,,,,,,,,,,,,,,,,,,,,,
Microsoft Foundry,Content Safety,,,Preview,,,,,,,Preview,,GA,,,,,,,,,,GA,GA,GA,,,GA,,,,GA,GA,,GA,,,,,,Preview,,,,GA,,,,Preview,GA,,,GA,,Preview,GA,,,GA,Preview,,,Preview,,GA,Preview,GA
Microsoft Foundry,Foundry Agent Service,,,GA,,,,GA,,GA,GA,,GA,,,,,,,,,,GA,GA,GA,,,GA,,,,GA,GA,,GA,,,,,,GA,,GA,,GA,,GA,,GA,GA,GA,GA,GA,,GA,,,,GA,GA,,,,,GA,,GA
Microsoft Foundry,Foundry Models,,,GA,,,,GA,,GA,GA,,GA,,,,,,,,,,GA,GA,GA,,,GA,,Preview,,GA,GA,,GA,,Preview,,,,GA,Preview,GA,,GA,Preview,GA,,GA,GA,GA,GA,GA,,GA,GA,,,GA,GA,,Preview,GA,,GA,,GA
Microsoft Foundry,Immersive Reader,,,GA,,,GA,GA,,GA,,GA,GA,,,,,,,,GA,GA,GA,GA,GA,,,GA,,GA,,,GA,GA,GA,,,,,,GA,GA,GA,,,,GA,,GA,,GA,,GA,,GA,GA,GA,,GA,GA,,GA,GA,,GA,GA,GA
Microsoft Foundry,Ink Recognizer,,,,,,,,,,,,,,,,,,,,,,,,,,,,,,,,,,,,,,,Closing Down,,,,,,,,,,,,,,,,,,,,,,,,,,,
Microsoft Foundry,Observability,,,GA,,,,GA,,GA,GA,,,,,,,,,,,GA,GA,GA,GA,,,GA,,,,GA,GA,GA,GA,,,,,,GA,GA,GA,,,GA,GA,,GA,GA,GA,GA,GA,,GA,GA,,,GA,,GA,Preview,Preview,,Preview,Preview,Preview
Microsoft Foundry,Personalizer,,,Closing Down,,,Closing Down,Closing Down,,Closing Down,,Closing Down,Closing Down,,,,,,,,,Closing Down,Closing Down,Closing Down,Closing Down,,,Closing Down,,Closing Down,,,Closing Down,Closing Down,Closing Down,,,,,,Closing Down,Closing Down,Closing Down,,,Closing Down,,,Closing Down,,Closing Down,,Closing Down,,Closing Down,Closing Down,,,Closing Down,Closing Down,,Closing Down,Closing Down,,Closing Down,Closing Down,Closing Down
Microsoft Foundry,Translator Speech,,,,,,,,,,,,,,,,,,,,,,,,,,,,,,,,,,,,,,,Closing Down,,,,,,,,,,,,,,,,,,,,,,,,,,,
Microsoft Graph,General,,,,,,,,,,,,,,,,,,,,,,,,,,,,,,,,,,,,,,,GA,,,,,,,,,,,,,,,,,,,,,,,,,,,
Microsoft Planetary Computer Pro,General,,,Preview,,,,,,GA,,,,,,,,,,,,,GA,,,,,,,,,,,,,,,,,,GA,,,,,,,,,,,,,,,,,,,GA,,,GA,,,,
Microsoft Sentinel,General,GA,GA,GA,GA,,,GA,GA,GA,,GA,GA,,,GA,,,,GA,,GA,GA,GA,GA,GA,,GA,,,GA,GA,GA,GA,GA,GA,,,,,GA,GA,GA,GA,,GA,GA,,GA,,GA,,GA,GA,GA,GA,,GA,GA,GA,GA,GA,GA,,GA,GA,GA
Multi-Factor Authentication,General,,,,,,,,,,,,,,,,,,,,,,,,,,,,,,,,,,,,,,,Closing Down,,,,,,,,,,,,,,,,,,,,,,,,,,,
Network security perimeter,General,GA,GA,GA,GA,,,GA,GA,GA,GA,GA,GA,GA,,,,,,,,GA,GA,GA,GA,GA,GA,GA,,GA,GA,GA,GA,GA,GA,GA,GA,GA,GA,,GA,GA,GA,GA,GA,GA,GA,GA,GA,GA,GA,GA,GA,GA,GA,GA,GA,GA,GA,GA,GA,GA,GA,GA,GA,GA,GA
Network Watcher,General,GA,,GA,GA,GA,GA,GA,GA,GA,GA,GA,GA,GA,GA,GA,GA,GA,GA,GA,GA,GA,GA,GA,GA,GA,GA,GA,GA,GA,GA,GA,GA,GA,GA,GA,GA,GA,GA,,GA,GA,GA,GA,GA,GA,GA,GA,GA,GA,GA,GA,GA,,GA,GA,GA,,GA,GA,GA,GA,GA,GA,GA,GA,GA
Network Watcher,Traffic Analytics,GA,,GA,GA,GA,GA,GA,,GA,GA,GA,GA,GA,,GA,GA,,GA,GA,GA,GA,GA,GA,GA,,,GA,GA,GA,,GA,GA,GA,GA,GA,GA,,,,GA,GA,GA,,GA,GA,GA,,GA,GA,GA,GA,GA,,GA,GA,GA,,GA,GA,GA,GA,GA,,GA,GA,GA
Notification Hubs,General,GA,Preview,GA,GA,,GA,GA,,GA,GA,GA,GA,,GA,,GA,GA,,GA,,GA,GA,GA,GA,,,GA,,,GA,GA,GA,GA,GA,,,,,,GA,GA,GA,,GA,GA,GA,,GA,GA,GA,,GA,,GA,GA,GA,,,GA,GA,GA,GA,GA,GA,GA,GA
Nutanix on Azure,General,,,GA,,,,,,GA,GA,GA,,,,,,,,,,,GA,GA,,,,GA,,,,,GA,,,,,,,,GA,GA,,,,GA,,,GA,GA,GA,,,,,,,,GA,GA,,,GA,,,GA,GA
Oracle AI Database@Azure,General,,,GA,GA,,,GA,GA,GA,GA,GA,GA,,,,,,,,,,GA,GA,GA,GA,GA,GA,,,,GA,GA,GA,,,,,,,GA,GA,,,,,,,GA,GA,GA,GA,GA,,GA,,,GA,GA,GA,GA,,GA,,GA,GA,GA
Planned Maintenance,General,,,,,,,,,,,,,,,,,,,,,,,,,,,,,,,,,,,,,,,GA,,,,,,,,,,,,,,,,,,,,,,,,,,,
Power BI,General,,,GA,GA,GA,GA,GA,,GA,GA,GA,GA,,GA,GA,GA,GA,GA,GA,GA,GA,GA,GA,GA,GA,GA,GA,,GA,,GA,GA,GA,GA,GA,,GA,,,GA,GA,GA,GA,GA,GA,GA,GA,GA,,GA,GA,GA,,GA,GA,GA,GA,GA,GA,GA,,GA,GA,GA,GA,GA
Quota Management,General,,,GA,,,,,,,,,,,,,,,,,,,GA,,,,,,,,,,GA,,,,,,,,,GA,,,,,,,,,GA,,GA,,,,,,,GA,,,GA,,,GA,
Quota+ Usage blade,General,,,,,,,,,,,,,,,,,,,,,,,,,,,,,,,,,,,,,,,GA,,,,,,,,,,,,,,,,,,,,,,,,,,,
Redis Cache,General,GA,GA,GA,GA,GA,GA,GA,GA,GA,GA,GA,GA,GA,GA,GA,GA,GA,GA,GA,GA,GA,GA,GA,GA,GA,GA,GA,,GA,GA,GA,GA,GA,GA,GA,GA,GA,GA,,GA,GA,GA,GA,GA,GA,GA,GA,GA,GA,GA,GA,GA,GA,GA,GA,,GA,GA,GA,GA,GA,GA,GA,GA,GA,GA
Redis Cache,Balanced (Compute + Memory),GA,GA,GA,GA,,,GA,GA,GA,GA,GA,GA,GA,,,,,,,,GA,GA,GA,,GA,GA,GA,,GA,GA,GA,GA,GA,GA,GA,GA,GA,GA,,GA,GA,GA,GA,GA,,GA,GA,GA,GA,GA,GA,GA,GA,GA,GA,GA,GA,GA,GA,GA,GA,GA,,GA,GA,GA
Redis Cache,Compute Optimized,GA,GA,GA,GA,,,GA,GA,GA,GA,GA,GA,GA,,,,,,,,GA,GA,GA,,GA,GA,GA,,GA,GA,GA,GA,GA,GA,GA,GA,GA,GA,,GA,GA,GA,GA,GA,,GA,GA,GA,GA,GA,GA,GA,GA,GA,GA,GA,GA,GA,GA,GA,GA,GA,,GA,GA,GA
Redis Cache,Flash Optimized,GA,,GA,GA,GA,GA,GA,,GA,GA,GA,GA,GA,GA,GA,GA,GA,GA,GA,GA,GA,,GA,GA,,,GA,GA,GA,,GA,GA,GA,GA,GA,GA,GA,GA,,GA,GA,GA,,GA,,GA,GA,GA,GA,GA,GA,GA,,GA,GA,GA,,GA,GA,GA,GA,GA,,GA,GA,GA
Redis Cache,Memory Optimized,GA,GA,GA,GA,,,GA,GA,GA,GA,GA,GA,GA,,,,,,,,GA,GA,GA,,GA,GA,GA,,GA,GA,GA,GA,GA,GA,GA,GA,GA,GA,,GA,GA,GA,GA,GA,,GA,GA,GA,GA,GA,GA,GA,GA,GA,GA,GA,GA,GA,GA,GA,GA,GA,,GA,GA,GA
Redis Cache,Redis Cache,Closing Down,Closing Down,Closing Down,Closing Down,,,Closing Down,Closing Down,Closing Down,Closing Down,Closing Down,Closing Down,,,Closing Down,,,Closing Down,,,Closing Down,Closing Down,Closing Down,Closing Down,Closing Down,Closing Down,Closing Down,,,,,Closing Down,Closing Down,Closing Down,Closing Down,,,,,Closing Down,Closing Down,Closing Down,Closing Down,,,Closing Down,Closing Down,Closing Down,Closing Down,Closing Down,,Closing Down,Closing Down,Closing Down,Closing Down,,Closing Down,Closing Down,Closing Down,Closing Down,Closing Down,Closing Down,Closing Down,Closing Down,Closing Down,Closing Down
Redis Cache,Redis Enterprise,,,Closing Down,,Closing Down,Closing Down,Closing Down,,Closing Down,,Closing Down,Closing Down,Closing Down,,,,,,,Closing Down,Closing Down,Closing Down,Closing Down,Closing Down,,,Closing Down,,Closing Down,Closing Down,Closing Down,Closing Down,Closing Down,Closing Down,,Closing Down,Closing Down,Closing Down,,Closing Down,Closing Down,Closing Down,,Closing Down,,Closing Down,,Closing Down,,Closing Down,Closing Down,Closing Down,,Closing Down,,Closing Down,,Closing Down,Closing Down,,,Closing Down,,Closing Down,Closing Down,Closing Down
Redis Cache,Redis Enterprise Flash,,,GA,,GA,GA,GA,,GA,,GA,GA,GA,,,,,,,GA,GA,GA,GA,GA,,,GA,,GA,GA,GA,GA,GA,GA,,GA,GA,GA,,GA,GA,GA,,GA,,GA,,GA,,GA,GA,GA,,GA,,,,GA,GA,,,GA,,GA,GA,GA
Resource Move,General,,,GA,,,,GA,,GA,,GA,,,,,,,GA,,,,,GA,GA,,,GA,,,,,GA,,GA,,,,,,,GA,GA,,GA,GA,,,,,GA,,GA,,GA,,,,GA,GA,,,,,,,
Security Platform (Purview),General,,,GA,,,,GA,,GA,GA,GA,,,,,,,,GA,,,GA,GA,GA,,,GA,,,,,GA,,GA,,,,,,,GA,,,,GA,GA,,GA,,GA,,GA,,GA,,,,GA,GA,,GA,GA,,GA,GA,GA
Service Bus,General,GA,GA,GA,GA,GA,GA,GA,GA,GA,GA,GA,GA,GA,GA,GA,GA,GA,GA,GA,GA,GA,GA,GA,GA,GA,GA,GA,GA,GA,GA,GA,GA,GA,GA,GA,GA,GA,,,GA,GA,GA,GA,GA,GA,GA,GA,GA,GA,GA,GA,GA,GA,GA,GA,GA,GA,GA,GA,GA,GA,GA,GA,GA,GA,GA
Service Bus,Premium,GA,GA,GA,GA,GA,GA,GA,GA,GA,GA,GA,GA,GA,,GA,GA,,GA,GA,GA,GA,GA,GA,GA,GA,GA,GA,GA,GA,GA,GA,GA,GA,GA,GA,GA,GA,GA,,GA,GA,GA,GA,GA,GA,GA,GA,GA,GA,GA,GA,GA,GA,GA,GA,GA,GA,GA,GA,GA,GA,GA,GA,GA,GA,GA
Service Connector,General,GA,,GA,GA,,,,,,,,,,,,,,,,,GA,GA,,,,,,,,,,GA,GA,,,,,,,GA,GA,,,,,,,,,,,,,,,,,,GA,GA,GA,GA,,GA,GA,
Service Fabric,General,GA,GA,GA,GA,GA,GA,GA,GA,GA,GA,GA,GA,GA,GA,GA,GA,GA,GA,GA,GA,GA,GA,GA,GA,GA,GA,GA,,GA,GA,GA,GA,GA,GA,GA,GA,GA,GA,,GA,GA,GA,GA,GA,GA,GA,GA,GA,GA,GA,GA,GA,GA,GA,GA,GA,GA,GA,GA,GA,GA,GA,GA,GA,GA,GA
Site Recovery,General,GA,GA,GA,GA,GA,GA,GA,GA,GA,GA,GA,GA,GA,GA,GA,GA,GA,GA,GA,GA,GA,GA,GA,GA,GA,GA,GA,GA,GA,GA,GA,GA,GA,GA,GA,GA,GA,GA,,GA,GA,GA,GA,GA,GA,GA,GA,GA,GA,GA,GA,GA,GA,GA,GA,GA,GA,GA,GA,GA,GA,GA,GA,GA,GA,GA
SQL Managed Instance enabled by Azure Arc,General,,,GA,,,,GA,,GA,GA,GA,GA,,,,,,,,,GA,GA,GA,GA,,,,,,,,GA,,GA,,,,,,GA,GA,GA,,,,GA,,GA,,GA,,GA,,GA,,,,GA,GA,GA,GA,GA,,GA,GA,GA
SQL Server on Azure Virtual Machines,General,GA,GA,GA,GA,,,GA,GA,GA,GA,GA,GA,,GA,GA,GA,GA,GA,GA,,GA,GA,GA,GA,GA,GA,GA,,GA,GA,GA,GA,GA,GA,GA,GA,GA,GA,,GA,GA,GA,GA,GA,GA,GA,GA,GA,GA,GA,GA,GA,GA,GA,GA,,GA,GA,GA,GA,GA,GA,GA,GA,GA,GA
Standby Pool,General,GA,GA,GA,GA,GA,,GA,GA,GA,GA,GA,GA,GA,,,,,,,GA,GA,GA,GA,GA,GA,GA,GA,,GA,GA,GA,GA,GA,GA,GA,GA,GA,GA,,GA,GA,GA,GA,GA,GA,GA,GA,GA,GA,GA,GA,GA,GA,GA,GA,GA,GA,GA,GA,GA,GA,GA,GA,GA,GA,GA
Storage,General,GA,GA,GA,GA,GA,GA,GA,GA,GA,GA,GA,GA,GA,GA,GA,GA,GA,GA,GA,,GA,GA,GA,GA,GA,GA,GA,GA,GA,GA,GA,GA,GA,GA,GA,GA,GA,GA,,GA,GA,GA,GA,GA,GA,GA,GA,GA,GA,GA,GA,GA,GA,GA,GA,GA,GA,GA,GA,GA,GA,GA,GA,GA,GA,GA
Storage,Archive Storage,GA,GA,GA,GA,GA,GA,GA,,GA,GA,GA,GA,GA,,GA,GA,,GA,GA,GA,GA,GA,GA,GA,GA,,GA,,GA,GA,GA,GA,GA,GA,GA,GA,GA,GA,,GA,GA,GA,,GA,GA,GA,GA,GA,GA,GA,GA,GA,GA,GA,GA,GA,,GA,GA,GA,GA,GA,GA,GA,GA,GA
Storage,Azure Data Lake Storage Gen2,GA,GA,GA,GA,GA,GA,GA,GA,GA,GA,GA,GA,GA,GA,GA,GA,GA,GA,GA,GA,GA,GA,GA,GA,GA,GA,GA,GA,GA,GA,GA,GA,GA,GA,GA,GA,GA,GA,,GA,GA,GA,GA,GA,GA,GA,GA,GA,GA,GA,GA,GA,GA,GA,GA,GA,GA,GA,GA,GA,GA,GA,GA,GA,GA,GA
Storage,Azure File Sync,,,GA,GA,,GA,GA,,GA,GA,GA,GA,,,GA,,,GA,,,GA,GA,GA,GA,GA,GA,GA,,GA,GA,GA,GA,GA,GA,GA,GA,,GA,,GA,GA,GA,GA,GA,,GA,GA,GA,GA,GA,GA,GA,,GA,GA,GA,GA,GA,GA,GA,GA,GA,,GA,GA,GA
Storage,Azure Premium Files,GA,GA,GA,GA,GA,GA,GA,GA,GA,GA,GA,GA,GA,,GA,GA,,GA,GA,GA,GA,GA,GA,GA,GA,GA,GA,GA,GA,GA,GA,GA,GA,GA,GA,GA,GA,GA,,GA,GA,GA,GA,GA,GA,GA,GA,GA,GA,GA,GA,GA,,GA,GA,GA,GA,GA,GA,GA,GA,GA,GA,GA,GA,GA
Storage,Azure Storage Reservations,GA,,GA,GA,GA,GA,GA,,GA,GA,GA,GA,GA,,GA,,,,,GA,GA,GA,GA,GA,,,GA,,GA,GA,GA,GA,GA,GA,,GA,GA,GA,,GA,GA,GA,,GA,GA,GA,,GA,GA,GA,GA,GA,,GA,,,,GA,GA,GA,GA,GA,GA,GA,GA,GA
Storage,Data Box,,,,,,,,,,,,GA,,,,,,,,,,GA,GA,GA,GA,,,,,,,,,,,,,,,GA,GA,,,,,,,GA,,,,,,,,,,,GA,GA,GA,GA,,GA,GA,
Storage,Disk Storage,GA,GA,GA,GA,GA,GA,GA,GA,GA,GA,GA,GA,GA,GA,GA,GA,GA,GA,GA,GA,GA,GA,GA,GA,GA,GA,GA,,GA,GA,GA,GA,GA,GA,GA,GA,GA,GA,,GA,GA,GA,GA,GA,GA,GA,GA,GA,GA,GA,GA,GA,GA,GA,GA,GA,GA,GA,GA,GA,GA,GA,GA,GA,GA,GA
Storage,Hot/Cool/Cold Blob Storage Tiers,GA,GA,GA,GA,GA,GA,GA,GA,GA,GA,GA,GA,GA,GA,GA,GA,GA,GA,GA,GA,GA,GA,GA,GA,GA,GA,GA,GA,GA,GA,GA,GA,GA,GA,GA,GA,GA,GA,,GA,GA,GA,GA,GA,GA,GA,GA,GA,GA,GA,GA,GA,GA,GA,GA,GA,GA,GA,GA,GA,GA,GA,GA,GA,GA,GA
Storage,Import/Export,,,GA,GA,,,GA,,GA,GA,GA,GA,,GA,GA,,GA,,,,GA,GA,GA,GA,,,GA,,,,,GA,GA,GA,,,,,,GA,GA,GA,,,,GA,,GA,GA,GA,,GA,,GA,GA,,,GA,GA,GA,GA,GA,GA,GA,GA,
Storage,Managed Disks,GA,GA,GA,GA,GA,GA,GA,GA,GA,GA,GA,GA,GA,GA,GA,GA,GA,GA,GA,GA,GA,GA,GA,GA,GA,GA,GA,,GA,GA,GA,GA,GA,GA,GA,GA,GA,GA,,GA,GA,GA,GA,GA,GA,GA,GA,GA,GA,GA,GA,GA,GA,GA,GA,GA,GA,GA,GA,GA,GA,GA,GA,GA,GA,GA
Storage,Premium Block Blobs,GA,,GA,GA,GA,GA,GA,GA,GA,GA,GA,GA,GA,,GA,GA,,GA,GA,GA,GA,GA,GA,GA,GA,GA,GA,GA,GA,GA,GA,GA,GA,GA,GA,GA,GA,GA,,GA,GA,GA,,GA,GA,GA,GA,GA,GA,GA,GA,GA,,GA,GA,GA,GA,GA,GA,GA,GA,GA,GA,GA,GA,GA
Storage,Premium SSD v2,,GA,GA,GA,,,GA,,GA,GA,GA,GA,,,,,,,GA,,GA,GA,GA,GA,,,GA,,GA,GA,GA,GA,GA,GA,,,GA,GA,,GA,GA,GA,GA,GA,,GA,,GA,,GA,GA,GA,,GA,,,,GA,GA,GA,GA,GA,,GA,GA,GA
Storage,Queues,GA,GA,GA,GA,GA,GA,GA,GA,GA,GA,GA,GA,GA,GA,GA,GA,GA,GA,GA,GA,GA,GA,GA,GA,GA,GA,GA,GA,GA,GA,GA,GA,GA,GA,GA,GA,GA,GA,,GA,GA,GA,GA,GA,GA,GA,GA,GA,GA,GA,GA,GA,GA,GA,GA,GA,GA,GA,GA,GA,GA,GA,GA,GA,GA,GA
Storage,Tables,GA,GA,GA,GA,GA,GA,GA,GA,GA,GA,GA,GA,GA,GA,GA,GA,GA,GA,GA,GA,GA,GA,GA,GA,GA,GA,GA,GA,GA,GA,GA,GA,GA,GA,GA,GA,GA,GA,,GA,GA,GA,GA,GA,GA,GA,GA,GA,GA,GA,GA,GA,GA,GA,GA,GA,GA,GA,GA,GA,GA,GA,GA,GA,GA,GA
Storage,Ultra Disk Storage,GA,GA,GA,,,GA,GA,GA,GA,GA,GA,GA,,,,,,,GA,,GA,GA,GA,GA,,,GA,,GA,,GA,GA,GA,GA,GA,,,,,GA,GA,,GA,GA,GA,GA,,GA,,GA,GA,GA,,GA,,GA,,GA,GA,GA,,GA,,GA,GA,GA
Traffic Manager,General,,,,,,,,,,,,,,,,,,,,,,,,,,,,,,,,,,,,,,,GA,,,,,,,,,,,,,,,,,,,,,,,,,,,
Trusted Hardware Identity Management,General,,,,,,,,,,,,,,,,,,,,,,,,,,,,,,,,,,,,,,,GA,,,,,,,,,,,,,,,,,,,,,,,,,,,
Universal Print,General,,,GA,,,,GA,,GA,,,,,,,,,,,,,GA,,,,,,,,,,GA,,,,,,,,,,,,,,,,,GA,GA,,,,,,,,,GA,,,GA,GA,,GA,
Virtual Machine Scale Sets,General,GA,GA,GA,GA,GA,GA,GA,GA,GA,GA,GA,GA,GA,GA,GA,GA,GA,GA,GA,GA,GA,GA,GA,GA,GA,GA,GA,GA,GA,GA,GA,GA,GA,GA,GA,GA,GA,GA,,GA,GA,GA,GA,GA,GA,GA,GA,GA,GA,GA,GA,GA,GA,GA,GA,GA,GA,GA,GA,GA,GA,GA,GA,GA,GA,GA
Virtual Machines,General,GA,GA,GA,GA,GA,GA,GA,GA,GA,GA,GA,GA,GA,GA,GA,GA,GA,GA,GA,GA,GA,GA,GA,GA,GA,GA,GA,GA,GA,GA,GA,GA,GA,GA,GA,GA,GA,GA,,GA,GA,GA,GA,GA,GA,GA,GA,GA,GA,GA,GA,GA,GA,GA,GA,GA,GA,GA,GA,GA,GA,GA,GA,GA,GA,GA
Virtual Machines,A0 - A7,GA,GA,GA,GA,,GA,GA,,GA,GA,GA,GA,,GA,GA,,GA,GA,,,GA,GA,GA,GA,GA,,,,GA,,,GA,GA,GA,GA,,,,,GA,GA,,,,,GA,GA,GA,GA,GA,,,,,,GA,GA,GA,GA,GA,GA,GA,GA,GA,GA,
Virtual Machines,Av2-Series,GA,GA,GA,GA,GA,GA,GA,GA,GA,GA,GA,GA,GA,GA,GA,GA,GA,GA,GA,GA,GA,GA,GA,GA,GA,GA,GA,GA,GA,GA,GA,GA,GA,GA,GA,GA,GA,GA,,GA,GA,GA,GA,GA,GA,GA,GA,GA,GA,GA,GA,GA,GA,GA,GA,GA,GA,GA,GA,GA,GA,GA,GA,GA,GA,GA
Virtual Machines,Azure Dedicated Host,GA,GA,GA,GA,GA,GA,GA,GA,GA,GA,GA,GA,GA,,GA,,,,,,GA,GA,GA,GA,GA,GA,GA,,GA,GA,GA,GA,GA,GA,GA,GA,,,,GA,GA,GA,GA,GA,GA,GA,GA,GA,GA,GA,,GA,GA,GA,GA,GA,GA,GA,GA,GA,GA,GA,GA,GA,GA,GA
Virtual Machines,B-Series,Closing Down,Closing Down,Closing Down,Closing Down,Closing Down,Closing Down,Closing Down,Closing Down,Closing Down,Closing Down,Closing Down,Closing Down,Closing Down,,Closing Down,Closing Down,,Closing Down,Closing Down,Closing Down,Closing Down,Closing Down,Closing Down,Closing Down,Closing Down,Closing Down,Closing Down,Closing Down,Closing Down,Closing Down,Closing Down,Closing Down,Closing Down,Closing Down,Closing Down,Closing Down,Closing Down,Closing Down,,Closing Down,Closing Down,Closing Down,Closing Down,Closing Down,Closing Down,Closing Down,Closing Down,Closing Down,Closing Down,Closing Down,Closing Down,Closing Down,Closing Down,Closing Down,Closing Down,Closing Down,Closing Down,Closing Down,Closing Down,Closing Down,Closing Down,Closing Down,Closing Down,Closing Down,Closing Down,Closing Down
Virtual Machines,Basv2 Series Virtual Machines,GA,,GA,GA,GA,GA,GA,,GA,GA,GA,GA,GA,,,,,,,GA,GA,GA,GA,GA,,,GA,,GA,GA,GA,GA,GA,GA,,GA,GA,GA,,GA,GA,GA,,GA,,GA,,GA,GA,GA,GA,GA,,GA,,,,GA,GA,GA,GA,GA,,GA,GA,GA
Virtual Machines,Bpsv2-series,,,GA,,,,,,GA,,GA,GA,,,,,,,,,GA,GA,GA,GA,,,GA,,,,,GA,,,,,,,,GA,GA,,,,,,,GA,,GA,,GA,,,,,,,GA,,GA,GA,,GA,GA,GA
Virtual Machines,Bsv2 Series Virtual Machines,GA,,GA,GA,GA,GA,GA,,GA,GA,GA,GA,GA,,,,,,,GA,GA,GA,GA,GA,,,GA,,GA,GA,GA,GA,GA,GA,,GA,GA,GA,,GA,GA,GA,,GA,GA,GA,,GA,GA,GA,GA,GA,,GA,,,,GA,GA,GA,GA,GA,,GA,GA,GA
Virtual Machines,D-Series,Closing Down,Closing Down,Closing Down,Closing Down,,Closing Down,Closing Down,Closing Down,Closing Down,Closing Down,Closing Down,Closing Down,,Closing Down,,,Closing Down,,,,Closing Down,Closing Down,Closing Down,Closing Down,Closing Down,,,,Closing Down,,,Closing Down,Closing Down,Closing Down,,,,,,Closing Down,Closing Down,,,,,Closing Down,Closing Down,Closing Down,Closing Down,Closing Down,,,,,,,Closing Down,Closing Down,,Closing Down,Closing Down,Closing Down,Closing Down,Closing Down,Closing Down,
Virtual Machines,Dadsv5-Series,GA,GA,GA,GA,GA,GA,GA,GA,GA,GA,GA,GA,GA,,GA,GA,,GA,GA,GA,GA,GA,GA,GA,GA,GA,GA,GA,GA,GA,GA,GA,GA,GA,GA,GA,GA,GA,,GA,GA,GA,GA,GA,GA,GA,GA,GA,GA,GA,GA,GA,GA,GA,,GA,GA,GA,GA,GA,GA,GA,GA,GA,GA,GA
Virtual Machines,Dadsv6-series,GA,GA,GA,GA,GA,GA,GA,,GA,GA,GA,GA,GA,,,,,,,GA,GA,GA,GA,GA,GA,GA,GA,,GA,GA,GA,GA,GA,GA,GA,GA,GA,GA,,GA,GA,GA,,GA,GA,GA,GA,GA,GA,GA,GA,GA,GA,GA,GA,GA,GA,GA,GA,GA,GA,GA,GA,GA,GA,GA
Virtual Machines,Dadsv7-series,,,GA,,,,,,,,,GA,,,,,,,,,,GA,GA,GA,,,GA,,,,GA,GA,,,,,,,,,GA,,,,,,,GA,,GA,,,,,,,,GA,GA,,,GA,,GA,GA,GA
Virtual Machines,Daldsv6-series,GA,GA,GA,GA,GA,GA,GA,,GA,GA,GA,GA,GA,,,,,,,,GA,GA,GA,GA,GA,GA,GA,,GA,GA,GA,GA,GA,GA,GA,GA,GA,GA,,GA,GA,GA,,GA,GA,GA,GA,GA,GA,GA,GA,GA,GA,GA,GA,GA,GA,GA,GA,GA,GA,GA,GA,GA,GA,GA
Virtual Machines,Daldsv7-series,,,GA,,,,,,,,,GA,,,,,,,,,,GA,GA,GA,,,GA,,,,GA,GA,,,,,,,,,GA,,,,,,,GA,,GA,,,,,,,,GA,GA,,,GA,,GA,GA,GA
Virtual Machines,Dalsv6-series,GA,GA,GA,GA,GA,GA,GA,,GA,GA,GA,GA,GA,,,,,,,,GA,GA,GA,GA,GA,GA,GA,,GA,GA,GA,GA,GA,GA,GA,GA,GA,GA,,GA,GA,GA,,GA,GA,GA,GA,GA,GA,GA,GA,GA,GA,GA,GA,GA,GA,GA,GA,GA,GA,GA,GA,GA,GA,GA
Virtual Machines,Dalsv7-series,,,GA,,,,,,,,,GA,,,,,,,,,,GA,GA,GA,,,GA,,,,GA,GA,,,,,,,,,GA,,,,,,,GA,,GA,,,,,,,,GA,GA,,,GA,,GA,GA,GA
Virtual Machines,DASv4-Series,GA,GA,GA,GA,GA,GA,GA,GA,GA,GA,GA,GA,GA,,GA,GA,,GA,GA,GA,GA,GA,GA,GA,GA,GA,GA,,GA,GA,GA,GA,GA,GA,GA,GA,GA,GA,,GA,GA,GA,GA,GA,GA,GA,GA,GA,GA,GA,GA,GA,GA,GA,GA,GA,GA,GA,GA,GA,GA,GA,GA,GA,GA,GA
Virtual Machines,Dasv5-Series,GA,GA,GA,GA,GA,GA,GA,GA,GA,GA,GA,GA,GA,,GA,GA,,GA,GA,GA,GA,GA,GA,GA,GA,GA,GA,GA,GA,GA,GA,GA,GA,GA,GA,GA,GA,GA,,GA,GA,GA,GA,GA,GA,GA,GA,GA,GA,GA,GA,GA,GA,GA,,GA,GA,GA,GA,GA,GA,GA,GA,GA,GA,GA
Virtual Machines,Dasv6-series,GA,GA,GA,GA,GA,GA,GA,,GA,GA,GA,GA,GA,,,,,,,,GA,GA,GA,GA,GA,GA,GA,,GA,GA,GA,GA,GA,GA,GA,GA,GA,GA,,GA,GA,GA,,GA,GA,GA,GA,GA,GA,GA,GA,GA,GA,GA,GA,GA,GA,GA,GA,GA,GA,GA,GA,GA,GA,GA
Virtual Machines,Dasv7-series,,,GA,,,,,,,,,GA,,,,,,,,,,GA,GA,GA,,,GA,,,,GA,GA,,,,,,,,,GA,,,,,,,GA,,GA,,,,,,,,GA,GA,,,GA,,GA,GA,GA
Virtual Machines,DAv4-Series,GA,GA,GA,GA,GA,GA,GA,GA,GA,GA,GA,GA,GA,,GA,GA,,GA,GA,,GA,GA,GA,GA,GA,GA,GA,,GA,GA,GA,GA,GA,GA,GA,GA,GA,GA,,GA,GA,GA,GA,GA,GA,GA,GA,GA,GA,GA,GA,GA,GA,GA,GA,GA,GA,GA,GA,GA,GA,GA,GA,GA,GA,GA
Virtual Machines,DC-Series,,,Closing Down,Closing Down,,,,,Closing Down,Closing Down,,,,,,,,,,,,Closing Down,,,,,,,,,,,,,,,,,,Closing Down,Closing Down,,,,,,,Closing Down,,Closing Down,,,,,,,,,Closing Down,Closing Down,,Closing Down,,Closing Down,Closing Down,
Virtual Machines,DCads_cc_v5-series,,,,,,,,,,,Closing Down,,,,,,,,,,Closing Down,Closing Down,,,,,Closing Down,,,,Closing Down,,,,,,,,,,Closing Down,,,,,,,,,Closing Down,,,,Closing Down,,,,Closing Down,,,,Closing Down,,Closing Down,,
Virtual Machines,DCadsv5-series,,,,,,,,,,,GA,,,,,,,,,,GA,GA,,,,,GA,,,,GA,,,,,,,,,,GA,,,,,,,,,GA,,,,GA,,,,GA,,,,GA,,GA,,
Virtual Machines,DCadsv6-series,GA,GA,GA,GA,GA,GA,GA,GA,GA,GA,GA,GA,GA,,,,,,,GA,GA,GA,GA,GA,GA,GA,GA,GA,GA,GA,GA,GA,GA,GA,GA,GA,GA,GA,,GA,GA,GA,GA,GA,,GA,GA,GA,GA,GA,GA,GA,GA,GA,GA,GA,GA,GA,GA,GA,GA,GA,,GA,GA,GA
Virtual Machines,DCas_cc_v5-series,,,,,,,,,,,Closing Down,,,,,,,,,,Closing Down,Closing Down,,,,,Closing Down,,,,Closing Down,,,,,,,,,,Closing Down,,,,,,,,,Closing Down,,,,Closing Down,,,,Closing Down,,,,Closing Down,,Closing Down,,
Virtual Machines,DCasv5-series,,,,,,,,,,,GA,,,,,,,,,,GA,GA,,,,,GA,,,,GA,,,,,,,,,,GA,,,,,,,,,GA,,,,GA,,,,GA,,,,GA,,GA,,
Virtual Machines,DCasv6-series,GA,GA,GA,GA,GA,GA,GA,GA,GA,GA,GA,GA,GA,,,,,,,GA,GA,GA,GA,GA,GA,GA,GA,GA,GA,GA,GA,GA,GA,GA,GA,GA,GA,GA,,GA,GA,GA,GA,GA,,GA,GA,GA,GA,GA,GA,GA,GA,GA,GA,GA,GA,GA,GA,GA,GA,GA,,GA,GA,GA
Virtual Machines,DCdsv3-Series,,,GA,,,,,,GA,,GA,GA,,,,,,,,,,GA,GA,,,,GA,,,,GA,GA,GA,,,,,,,,GA,,,,,,,GA,GA,GA,,,,GA,,,,GA,GA,,,GA,,GA,GA,
Virtual Machines,DCedsv5-series,,,,,,,,,,,,Closing Down,,,,,,,,,,,Closing Down,,,,,,,,,,,,,,,,,,Closing Down,,,,,,,,,,,,,,,,,,,,,Closing Down,,,,
Virtual Machines,DCesv5-series,,,,,,,,,,,,Closing Down,,,,,,,,,,,Closing Down,,,,,,,,,,,,,,,,,,Closing Down,,,,,,,,,,,,,,,,,,,,,Closing Down,,,,
Virtual Machines,DCesv6-series,,,,,,,,,,,,,,,,,,,,,,,,,,,,,,,,,,,,,,,,,,,,,,,,,,,,,,,,,,,,,,GA,,GA,,GA
Virtual Machines,DCsv2-series,,,Closing Down,Closing Down,,,,,Closing Down,Closing Down,,,,,,,,,,,,Closing Down,,,,,,,,,,,,,,,,,,Closing Down,Closing Down,,,,,,,Closing Down,,Closing Down,,,,,,,,,Closing Down,Closing Down,,Closing Down,,Closing Down,Closing Down,
Virtual Machines,Ddsv4-series,GA,GA,GA,GA,GA,GA,GA,GA,GA,GA,GA,GA,GA,,GA,GA,,GA,GA,GA,GA,GA,GA,GA,GA,GA,GA,GA,GA,GA,GA,GA,GA,GA,GA,GA,GA,GA,,GA,GA,GA,GA,GA,GA,GA,GA,GA,GA,GA,GA,GA,GA,GA,GA,GA,GA,GA,GA,GA,GA,GA,GA,GA,GA,GA
Virtual Machines,Ddsv5-Series,GA,GA,GA,GA,GA,GA,GA,GA,GA,GA,GA,GA,GA,,GA,GA,,GA,GA,GA,GA,GA,GA,GA,GA,GA,GA,GA,GA,GA,GA,GA,GA,GA,GA,GA,GA,GA,,GA,GA,GA,GA,GA,GA,GA,GA,GA,GA,GA,GA,GA,GA,GA,GA,GA,GA,GA,GA,GA,GA,GA,GA,GA,GA,GA
Virtual Machines,Ddsv6-series,,,GA,GA,GA,GA,GA,,GA,GA,GA,GA,,,,,,,GA,GA,GA,GA,GA,GA,,,GA,,GA,GA,GA,GA,GA,GA,,GA,GA,GA,,GA,GA,GA,,GA,,GA,,GA,GA,GA,GA,GA,,GA,,GA,,GA,GA,GA,GA,GA,GA,GA,GA,GA
Virtual Machines,Ddsv7-series,,,,,,,,,,,,GA,,,,,,,,,,GA,GA,,,,GA,,,,,,,,,,,,,,,,,,,,,GA,,,,GA,,,,,,,,,,,,,GA,GA
Virtual Machines,Ddv4-series,GA,GA,GA,GA,GA,GA,GA,GA,GA,GA,GA,GA,GA,,GA,GA,,GA,GA,GA,GA,GA,GA,GA,GA,GA,GA,GA,GA,GA,GA,GA,GA,GA,GA,GA,GA,GA,,GA,GA,GA,,GA,GA,GA,GA,GA,GA,GA,GA,GA,GA,GA,,GA,GA,GA,GA,GA,GA,GA,GA,GA,GA,GA
Virtual Machines,Ddv5-Series,GA,GA,GA,GA,GA,GA,GA,GA,GA,GA,GA,GA,GA,,GA,GA,,GA,GA,GA,GA,GA,GA,GA,GA,GA,GA,GA,GA,GA,GA,GA,GA,GA,GA,GA,GA,GA,,GA,GA,GA,GA,GA,GA,GA,GA,GA,GA,GA,GA,GA,GA,GA,GA,GA,GA,GA,GA,GA,GA,GA,GA,GA,GA,GA
Virtual Machines,Dldsv5-Series,GA,GA,GA,GA,GA,GA,GA,GA,GA,GA,GA,GA,GA,,GA,,,GA,GA,GA,GA,GA,GA,GA,GA,,GA,GA,GA,GA,GA,GA,GA,GA,GA,GA,GA,GA,,GA,GA,GA,,GA,GA,GA,GA,GA,GA,GA,GA,GA,GA,GA,GA,GA,,GA,GA,GA,GA,GA,,GA,GA,GA
Virtual Machines,Dldsv6-series,,,GA,GA,GA,GA,GA,,GA,GA,GA,GA,,,,,,,GA,GA,GA,GA,GA,GA,,,GA,,GA,GA,GA,GA,GA,GA,,GA,GA,GA,,GA,GA,GA,,GA,,GA,,GA,GA,GA,GA,GA,,GA,,GA,,GA,GA,GA,GA,GA,,GA,GA,GA
Virtual Machines,Dldsv7-series,,,,,,,,,,,,,,,,,,,,,,,,,,,GA,,,,,,,,,,,,,,,,,,,,,GA,,,,GA,,,,,,,,,,,,,GA,GA
Virtual Machines,Dlsv5-Series,GA,GA,GA,GA,GA,GA,GA,GA,GA,GA,GA,GA,GA,,GA,,,GA,GA,GA,GA,GA,GA,GA,GA,,GA,GA,GA,GA,GA,GA,GA,GA,GA,GA,GA,GA,,GA,GA,GA,,GA,GA,GA,GA,GA,GA,GA,GA,GA,GA,GA,GA,GA,,GA,GA,GA,GA,GA,,GA,GA,GA
Virtual Machines,Dlsv6-series,GA,,GA,GA,GA,GA,GA,,GA,GA,GA,GA,,,,,,,GA,GA,GA,GA,GA,GA,,,GA,,GA,GA,GA,GA,GA,GA,,GA,GA,GA,,GA,GA,GA,,GA,,GA,,GA,GA,GA,GA,GA,,GA,,GA,,GA,GA,GA,GA,GA,,GA,GA,GA
Virtual Machines,Dlsv7-series,,,,,,,,,,,,GA,,,,,,,,,,GA,GA,,,,GA,,,,,,,,,,,,,,,,,,,,,GA,,,,GA,,,,,,,,,,,,,GA,GA
Virtual Machines,Dpdsv5-series,,,GA,,,,,,GA,,GA,GA,,,,,,,,,GA,GA,GA,GA,,,GA,,,,,GA,,,,,,,,GA,GA,,,,,,,GA,,GA,,GA,,,,,,,GA,,GA,GA,,GA,GA,GA
Virtual Machines,Dpdsv6-series,,,GA,GA,,,GA,,GA,GA,GA,GA,,,,,,,GA,,GA,GA,GA,GA,,,GA,,,,GA,GA,GA,GA,,,GA,GA,,GA,GA,GA,,GA,,GA,,GA,,GA,GA,GA,,GA,,,,GA,GA,GA,GA,GA,,GA,GA,GA
Virtual Machines,Dpldsv5-Series,,,GA,,,,,,GA,,GA,GA,,,,,,,,,GA,GA,GA,GA,,,GA,,,,,GA,,,,,,,,GA,GA,,,,,,,GA,,GA,,GA,,,,,,,GA,,GA,GA,,GA,GA,GA
Virtual Machines,Dpldsv6-series,,,GA,GA,,,GA,,GA,GA,GA,GA,,,,,,,GA,,GA,GA,GA,GA,,,GA,,,,GA,GA,GA,GA,,,GA,GA,,GA,GA,GA,,GA,,GA,,GA,,GA,GA,GA,,GA,,,,GA,GA,GA,GA,GA,,GA,GA,GA
Virtual Machines,Dplsv5-Series,,,GA,,,,,,GA,,GA,GA,,,,,,,,,GA,GA,GA,GA,,,GA,,,,,GA,,,,,,,,GA,GA,,,,,,,GA,,GA,,GA,,,,,,,GA,,GA,GA,,GA,GA,GA
Virtual Machines,Dplsv6-series,,,GA,GA,,,GA,,GA,GA,GA,GA,,,,,,,GA,,GA,GA,GA,GA,,,GA,,,,GA,GA,GA,GA,,,GA,GA,,GA,GA,GA,,GA,,GA,,GA,,GA,GA,GA,,GA,,,,GA,GA,GA,GA,GA,,GA,GA,GA
Virtual Machines,Dpsv5-series,,,GA,,,,,,GA,,GA,GA,,,,,,,,,GA,GA,GA,GA,,,GA,,,,,GA,,,,,,,,GA,GA,,,,,,,GA,,GA,,GA,,,,,,,GA,,GA,GA,,GA,GA,GA
Virtual Machines,Dpsv6-series,,,GA,GA,,,GA,,GA,GA,GA,GA,,,,,,,GA,,GA,GA,GA,GA,,,GA,,,,GA,GA,GA,GA,,,GA,GA,,GA,GA,GA,,GA,,GA,,GA,,GA,GA,GA,,GA,,,,GA,GA,GA,GA,GA,,GA,GA,GA
Virtual Machines,DS-Series,Closing Down,Closing Down,Closing Down,Closing Down,,,Closing Down,Closing Down,Closing Down,Closing Down,Closing Down,Closing Down,,Closing Down,,,Closing Down,,,,Closing Down,Closing Down,Closing Down,Closing Down,Closing Down,,,,Closing Down,,,Closing Down,Closing Down,Closing Down,,,,,,Closing Down,Closing Down,,,,,Closing Down,Closing Down,Closing Down,Closing Down,Closing Down,,,,,,Closing Down,Closing Down,Closing Down,Closing Down,Closing Down,Closing Down,Closing Down,Closing Down,Closing Down,Closing Down,
Virtual Machines,DSv2-Series,Closing Down,Closing Down,Closing Down,Closing Down,Closing Down,Closing Down,Closing Down,Closing Down,Closing Down,Closing Down,Closing Down,Closing Down,Closing Down,Closing Down,Closing Down,Closing Down,Closing Down,Closing Down,Closing Down,Closing Down,Closing Down,Closing Down,Closing Down,Closing Down,Closing Down,Closing Down,Closing Down,Closing Down,Closing Down,Closing Down,Closing Down,Closing Down,Closing Down,Closing Down,Closing Down,Closing Down,Closing Down,Closing Down,,Closing Down,Closing Down,Closing Down,Closing Down,Closing Down,Closing Down,Closing Down,Closing Down,Closing Down,Closing Down,Closing Down,Closing Down,Closing Down,Closing Down,Closing Down,Closing Down,Closing Down,Closing Down,Closing Down,Closing Down,Closing Down,Closing Down,Closing Down,Closing Down,Closing Down,Closing Down,Closing Down
Virtual Machines,DSv3-Series,GA,GA,GA,GA,GA,GA,GA,GA,GA,GA,GA,GA,GA,,GA,GA,,GA,GA,GA,GA,GA,GA,GA,GA,GA,GA,GA,GA,GA,GA,GA,GA,GA,GA,GA,GA,GA,,GA,GA,GA,GA,GA,GA,GA,GA,GA,GA,GA,GA,GA,GA,GA,GA,GA,GA,GA,GA,GA,GA,GA,GA,GA,GA,GA
Virtual Machines,Dsv4-series,GA,GA,GA,GA,GA,GA,GA,GA,GA,GA,GA,GA,GA,,GA,GA,,GA,GA,GA,GA,GA,GA,GA,GA,GA,GA,GA,GA,GA,GA,GA,GA,GA,GA,GA,GA,GA,,GA,GA,GA,GA,GA,GA,GA,GA,GA,GA,GA,GA,GA,GA,GA,GA,GA,GA,GA,GA,GA,GA,GA,GA,GA,GA,GA
Virtual Machines,Dsv5-Series,GA,GA,GA,GA,GA,GA,GA,GA,GA,GA,GA,GA,GA,,GA,GA,,GA,GA,GA,GA,GA,GA,GA,GA,GA,GA,GA,GA,GA,GA,GA,GA,GA,GA,GA,GA,GA,,GA,GA,GA,GA,GA,GA,GA,GA,GA,GA,GA,GA,GA,GA,GA,GA,GA,GA,GA,GA,GA,GA,GA,GA,GA,GA,GA
Virtual Machines,Dsv6-series,GA,,GA,GA,GA,GA,GA,,GA,GA,GA,GA,,,,,,,GA,GA,GA,GA,GA,GA,,,GA,,GA,GA,GA,GA,GA,GA,,GA,GA,GA,,GA,GA,GA,,GA,,GA,,GA,GA,GA,GA,GA,,GA,,GA,,GA,GA,GA,GA,GA,,GA,GA,GA
Virtual Machines,Dsv7-series,,,,,,,,,,,,GA,,,,,,,,,,GA,GA,,,,GA,,,,,,,,,,,,,,,,,,,,,GA,,,,GA,,,,,,,,,,,,,GA,GA
Virtual Machines,Dv2-Series,Closing Down,Closing Down,Closing Down,Closing Down,,Closing Down,Closing Down,Closing Down,Closing Down,Closing Down,Closing Down,Closing Down,Closing Down,Closing Down,Closing Down,Closing Down,Closing Down,Closing Down,Closing Down,Closing Down,Closing Down,Closing Down,Closing Down,Closing Down,Closing Down,Closing Down,Closing Down,Closing Down,Closing Down,Closing Down,Closing Down,Closing Down,Closing Down,Closing Down,Closing Down,Closing Down,Closing Down,Closing Down,,Closing Down,Closing Down,Closing Down,Closing Down,Closing Down,Closing Down,Closing Down,Closing Down,Closing Down,Closing Down,Closing Down,Closing Down,Closing Down,Closing Down,Closing Down,Closing Down,Closing Down,Closing Down,Closing Down,Closing Down,Closing Down,Closing Down,Closing Down,Closing Down,Closing Down,Closing Down,Closing Down
Virtual Machines,Dv3-Series,GA,GA,GA,GA,GA,GA,GA,GA,GA,GA,GA,GA,GA,GA,GA,GA,,GA,GA,GA,GA,GA,GA,GA,GA,GA,GA,GA,GA,GA,GA,GA,GA,GA,GA,GA,GA,GA,,GA,GA,GA,GA,GA,GA,GA,GA,GA,GA,GA,GA,GA,GA,GA,GA,GA,GA,GA,GA,GA,GA,GA,GA,GA,GA,GA
Virtual Machines,Dv4-series,GA,GA,GA,GA,GA,GA,GA,GA,GA,GA,GA,GA,GA,,GA,GA,,GA,GA,GA,GA,GA,GA,GA,GA,GA,GA,GA,GA,GA,GA,GA,GA,GA,GA,GA,GA,GA,,GA,GA,GA,GA,GA,GA,GA,GA,GA,GA,GA,GA,GA,GA,GA,GA,GA,GA,GA,GA,GA,GA,GA,GA,GA,GA,GA
Virtual Machines,Dv5-Series,GA,GA,GA,GA,GA,GA,GA,GA,GA,GA,GA,GA,GA,,GA,GA,,GA,GA,GA,GA,GA,GA,GA,GA,GA,GA,GA,GA,GA,GA,GA,GA,GA,GA,GA,GA,GA,,GA,GA,GA,GA,GA,GA,GA,GA,GA,GA,GA,GA,GA,GA,GA,GA,GA,GA,GA,GA,GA,GA,GA,GA,GA,GA,GA
Virtual Machines,Eadsv5-Series,GA,GA,GA,GA,GA,GA,GA,GA,GA,GA,GA,GA,GA,,GA,GA,,GA,GA,GA,GA,GA,GA,GA,GA,GA,GA,GA,GA,GA,GA,GA,GA,GA,GA,GA,GA,GA,,GA,GA,GA,GA,GA,GA,GA,GA,GA,GA,GA,GA,GA,GA,GA,,GA,GA,GA,GA,GA,GA,GA,GA,GA,GA,GA
Virtual Machines,Eadsv6-series,GA,GA,GA,GA,GA,GA,GA,,GA,GA,GA,GA,GA,,,,,,,GA,GA,GA,GA,GA,GA,GA,GA,,GA,GA,GA,GA,GA,GA,GA,GA,GA,GA,,GA,GA,GA,,GA,GA,GA,GA,GA,GA,GA,GA,GA,GA,GA,GA,GA,GA,GA,GA,GA,GA,GA,GA,GA,GA,GA
Virtual Machines,Eadsv7-series,,,GA,,,,GA,,,,,GA,,,,,,,,,,GA,GA,GA,,,GA,,,,GA,GA,,,,,,,,,GA,,,,,,,GA,,GA,,,,,,,,GA,GA,,,GA,,GA,GA,GA
Virtual Machines,EASv4-Series,GA,GA,GA,GA,GA,GA,GA,GA,GA,GA,GA,GA,GA,,GA,GA,,GA,GA,GA,GA,GA,GA,GA,GA,GA,GA,GA,GA,GA,GA,GA,GA,GA,GA,GA,GA,GA,,GA,GA,GA,GA,GA,GA,GA,GA,GA,GA,GA,GA,GA,GA,GA,GA,GA,GA,GA,GA,GA,GA,GA,GA,GA,GA,GA
Virtual Machines,Easv5-Series,GA,GA,GA,GA,GA,GA,GA,GA,GA,GA,GA,GA,GA,,GA,GA,,GA,GA,GA,GA,GA,GA,GA,GA,GA,GA,GA,GA,GA,GA,GA,GA,GA,GA,GA,GA,GA,,GA,GA,GA,GA,GA,GA,GA,GA,GA,GA,GA,GA,GA,GA,GA,,GA,GA,GA,GA,GA,GA,GA,GA,GA,GA,GA
Virtual Machines,Easv6-series,GA,GA,GA,GA,GA,GA,GA,,GA,GA,GA,GA,GA,,,,,,,,GA,GA,GA,GA,GA,GA,GA,,GA,GA,GA,GA,GA,GA,GA,GA,GA,GA,,GA,GA,GA,,GA,GA,GA,GA,GA,GA,GA,GA,GA,GA,GA,GA,GA,GA,GA,GA,GA,GA,GA,GA,GA,GA,GA
Virtual Machines,Easv7-series,,,GA,,,,GA,,,,,GA,,,,,,,,,,GA,GA,GA,,,GA,,,,GA,GA,,,,,,,,,GA,,,,,,,GA,,GA,,,,,,,,GA,GA,,,GA,,GA,GA,GA
Virtual Machines,EAv4-Series,GA,GA,GA,GA,GA,GA,GA,GA,GA,GA,GA,GA,GA,,GA,GA,,GA,GA,GA,GA,GA,GA,GA,GA,GA,GA,GA,GA,GA,GA,GA,GA,GA,GA,GA,GA,GA,,GA,GA,GA,GA,GA,GA,GA,GA,GA,GA,GA,GA,GA,GA,GA,GA,GA,GA,GA,GA,GA,GA,GA,GA,GA,GA,GA
Virtual Machines,Ebdsv5-series,GA,GA,GA,GA,GA,GA,GA,GA,GA,GA,GA,GA,GA,,GA,GA,,GA,GA,GA,GA,GA,GA,GA,GA,GA,GA,GA,GA,GA,GA,GA,GA,GA,GA,GA,GA,GA,,GA,GA,GA,GA,GA,GA,GA,GA,GA,GA,GA,GA,GA,GA,GA,GA,GA,GA,GA,GA,GA,GA,GA,GA,GA,GA,GA
Virtual Machines,Ebsv5-series,GA,GA,GA,GA,GA,GA,GA,GA,GA,GA,GA,GA,GA,,GA,GA,,GA,GA,GA,GA,GA,GA,GA,GA,GA,GA,GA,GA,GA,GA,GA,GA,GA,GA,GA,GA,GA,,GA,GA,GA,GA,GA,GA,GA,GA,GA,GA,GA,GA,GA,GA,GA,GA,GA,GA,GA,GA,GA,GA,GA,GA,GA,GA,GA
Virtual Machines,ECads_cc_v5-series,,,,,,,,,,,Closing Down,,,,,,,,,,Closing Down,Closing Down,,,,,Closing Down,,,,Closing Down,,,,,,,,,,Closing Down,,,,,,,,,Closing Down,,,,Closing Down,,,,Closing Down,,,,Closing Down,,Closing Down,,
Virtual Machines,ECadsv5-series,,,,,,,,,,,GA,,,,,,,,,,GA,GA,,,,,GA,,,,GA,,,,,,,,,,GA,,,,,,,,,GA,,,,GA,,,,GA,,,,GA,,GA,,
Virtual Machines,ECadsv6-series,GA,GA,GA,GA,GA,GA,GA,GA,GA,GA,GA,GA,GA,,,,,,,GA,GA,GA,GA,GA,GA,GA,GA,GA,GA,GA,GA,GA,GA,GA,GA,GA,GA,GA,,GA,GA,GA,GA,GA,,GA,GA,GA,GA,GA,GA,GA,GA,GA,GA,GA,GA,GA,GA,GA,GA,GA,,GA,GA,GA
Virtual Machines,ECas_cc_v5-series,,,,,,,,,,,Closing Down,,,,,,,,,,Closing Down,Closing Down,,,,,Closing Down,,,,Closing Down,,,,,,,,,,Closing Down,,,,,,,,,Closing Down,,,,Closing Down,,,,Closing Down,,,,Closing Down,,Closing Down,,
Virtual Machines,ECasv5-series,,,,,,,,,,,GA,,,,,,,,,,GA,GA,,,,,GA,,,,GA,,,,,,,,,,GA,,,,,,,,,GA,,,,GA,,,,GA,,,,GA,,GA,,
Virtual Machines,ECasv6-series,GA,GA,GA,GA,GA,GA,GA,GA,GA,GA,GA,GA,GA,,,,,,,GA,GA,GA,GA,GA,GA,GA,GA,GA,GA,GA,GA,GA,GA,GA,GA,GA,GA,GA,,GA,GA,GA,GA,GA,,GA,GA,GA,GA,GA,GA,GA,GA,GA,GA,GA,GA,GA,GA,GA,GA,GA,,GA,GA,GA
Virtual Machines,ECedsv5-series,,,,,,,,,,,,Closing Down,,,,,,,,,,,Closing Down,,,,,,,,,,,,,,,,,,Closing Down,,,,,,,,,,,,,,,,,,,,,Closing Down,,,,
Virtual Machines,ECesv5-series,,,,,,,,,,,,Closing Down,,,,,,,,,,,Closing Down,,,,,,,,,,,,,,,,,,Closing Down,,,,,,,,,,,,,,,,,,,,,Closing Down,,,,
Virtual Machines,Edsv4-series,GA,,GA,GA,GA,GA,GA,GA,GA,GA,GA,GA,GA,,GA,GA,,GA,GA,GA,GA,GA,GA,GA,GA,,GA,GA,GA,GA,GA,GA,GA,GA,GA,GA,GA,GA,,GA,GA,GA,GA,GA,GA,GA,GA,GA,GA,GA,GA,GA,,GA,GA,GA,GA,GA,GA,GA,GA,GA,GA,GA,GA,GA
Virtual Machines,Edsv5-series,GA,GA,GA,GA,GA,GA,GA,GA,GA,GA,GA,GA,GA,,GA,GA,,GA,GA,GA,GA,GA,GA,GA,GA,GA,GA,GA,GA,GA,GA,GA,GA,GA,GA,GA,GA,GA,,GA,GA,GA,GA,GA,GA,GA,GA,GA,GA,GA,GA,GA,GA,GA,GA,GA,GA,GA,GA,GA,GA,GA,GA,GA,GA,GA
Virtual Machines,Edsv6-series,GA,,GA,GA,GA,GA,GA,,GA,GA,GA,GA,,,,,,,GA,GA,GA,GA,GA,GA,,,GA,,GA,GA,GA,GA,GA,GA,,GA,GA,GA,,GA,GA,GA,,GA,,GA,,GA,GA,GA,GA,GA,,GA,,GA,,GA,GA,GA,GA,GA,,GA,GA,GA
Virtual Machines,Edsv7-series,,,,,,,,,,,,GA,,,,,,,,,,GA,GA,,,,GA,,,,,,,,,,,,,,,,,,,,,GA,,,,GA,,,,,,,,,,,,,GA,GA
Virtual Machines,Edv4-series,GA,,GA,GA,GA,GA,GA,GA,GA,GA,GA,GA,GA,,GA,GA,,GA,GA,GA,GA,GA,GA,GA,GA,,GA,GA,GA,GA,GA,GA,GA,GA,GA,GA,GA,GA,,GA,GA,GA,GA,GA,GA,GA,GA,GA,GA,GA,GA,GA,,GA,GA,GA,GA,GA,GA,GA,GA,GA,GA,GA,GA,GA
Virtual Machines,Edv5-Series,GA,GA,GA,GA,GA,GA,GA,GA,GA,GA,GA,GA,GA,,GA,GA,,GA,GA,GA,GA,GA,GA,GA,GA,GA,GA,GA,GA,GA,GA,GA,GA,GA,GA,GA,GA,GA,,GA,GA,GA,GA,GA,GA,GA,GA,GA,GA,GA,GA,GA,GA,GA,GA,GA,GA,GA,GA,GA,GA,GA,GA,GA,GA,GA
Virtual Machines,Epdsv5-Series,,,GA,,,,,,GA,,GA,GA,,,,,,,,,GA,GA,GA,GA,,,GA,,,,,GA,,,,,,,,GA,GA,,,,,,,GA,,GA,,GA,,,,,,,GA,,GA,GA,,GA,GA,GA
Virtual Machines,Epdsv6-series,,,GA,GA,,,GA,,GA,GA,GA,GA,,,,,,,GA,,GA,GA,GA,GA,,,GA,,,,GA,GA,GA,GA,,,GA,GA,,GA,GA,GA,,GA,,GA,,GA,,GA,GA,GA,,GA,,,,GA,GA,GA,GA,GA,,GA,GA,GA
Virtual Machines,Epsv5-Series,,,GA,,,,,,GA,,GA,GA,,,,,,,,,GA,GA,GA,GA,,,GA,,,,,GA,,,,,,,,GA,GA,,,,,,,GA,,GA,,GA,,,,,,,GA,,GA,GA,,GA,GA,GA
Virtual Machines,Epsv6-series,,,GA,GA,,,GA,,GA,GA,GA,GA,,,,,,,GA,,GA,GA,GA,GA,,,GA,,,,GA,GA,GA,GA,,,GA,GA,,GA,GA,GA,,GA,,GA,,GA,,GA,GA,GA,,GA,,,,GA,GA,GA,GA,GA,,GA,GA,GA
Virtual Machines,ESv3-Series,GA,GA,GA,GA,GA,GA,GA,GA,GA,GA,GA,GA,GA,,GA,GA,,GA,GA,GA,GA,GA,GA,GA,GA,GA,GA,GA,GA,GA,GA,GA,GA,GA,GA,GA,GA,GA,,GA,GA,GA,GA,GA,GA,GA,GA,GA,GA,GA,GA,GA,GA,GA,GA,GA,GA,GA,GA,GA,GA,GA,GA,GA,GA,GA
Virtual Machines,Esv4-series,GA,,GA,GA,GA,GA,GA,GA,GA,GA,GA,GA,GA,,GA,GA,,GA,GA,GA,GA,GA,GA,GA,GA,,GA,GA,GA,GA,GA,GA,GA,GA,GA,GA,GA,GA,,GA,GA,GA,GA,GA,GA,GA,GA,GA,GA,GA,GA,GA,,GA,GA,GA,GA,GA,GA,GA,GA,GA,GA,GA,GA,GA
Virtual Machines,Esv5-series,GA,GA,GA,GA,GA,GA,GA,GA,GA,GA,GA,GA,GA,,GA,GA,,GA,GA,GA,GA,GA,GA,GA,GA,GA,GA,GA,GA,GA,GA,GA,GA,GA,GA,GA,GA,GA,,GA,GA,GA,GA,GA,GA,GA,GA,GA,GA,GA,GA,GA,GA,GA,GA,GA,GA,GA,GA,GA,GA,GA,GA,GA,GA,GA
Virtual Machines,Esv6-series,GA,,GA,GA,GA,GA,GA,,GA,GA,GA,GA,,,,,,,GA,GA,GA,GA,GA,GA,,,GA,,GA,GA,GA,GA,GA,GA,,GA,GA,GA,,GA,GA,GA,,GA,,GA,,GA,GA,GA,GA,GA,,GA,,GA,,GA,GA,GA,GA,GA,,GA,GA,GA
Virtual Machines,Esv7-series,,,,,,,,,,,,,,,,,,,,,,,,,,,GA,,,,,,,,,,,,,,,,,,,,,GA,,,,GA,,,,,,,,,,,,,GA,GA
Virtual Machines,Ev3-Series,GA,GA,GA,GA,GA,GA,GA,GA,GA,GA,GA,GA,GA,GA,GA,GA,,GA,GA,GA,GA,GA,GA,GA,GA,GA,GA,GA,GA,GA,GA,GA,GA,GA,GA,GA,GA,GA,,GA,GA,GA,GA,GA,GA,GA,GA,GA,GA,GA,GA,GA,GA,GA,GA,GA,GA,GA,GA,GA,GA,GA,GA,GA,GA,GA
Virtual Machines,Ev4-series,GA,GA,GA,GA,GA,GA,GA,GA,GA,GA,GA,GA,GA,GA,GA,GA,GA,GA,GA,GA,GA,GA,GA,GA,GA,GA,GA,GA,GA,GA,GA,GA,GA,GA,GA,GA,GA,GA,,GA,GA,GA,GA,GA,GA,GA,GA,GA,GA,GA,GA,GA,GA,GA,GA,GA,GA,GA,GA,GA,GA,GA,GA,GA,GA,GA
Virtual Machines,Ev5-Series,GA,GA,GA,GA,GA,GA,GA,GA,GA,GA,GA,GA,GA,,GA,GA,,GA,GA,GA,GA,GA,GA,GA,GA,GA,GA,GA,GA,GA,GA,GA,GA,GA,GA,GA,GA,GA,,GA,GA,GA,GA,GA,GA,GA,GA,GA,GA,GA,GA,GA,GA,GA,GA,GA,GA,GA,GA,GA,GA,GA,GA,GA,GA,GA
Virtual Machines,F-Series,Closing Down,Closing Down,Closing Down,Closing Down,Closing Down,Closing Down,Closing Down,Closing Down,Closing Down,Closing Down,Closing Down,Closing Down,Closing Down,Closing Down,Closing Down,Closing Down,Closing Down,Closing Down,Closing Down,Closing Down,Closing Down,Closing Down,Closing Down,Closing Down,Closing Down,Closing Down,Closing Down,Closing Down,Closing Down,Closing Down,Closing Down,Closing Down,Closing Down,Closing Down,Closing Down,Closing Down,Closing Down,Closing Down,,Closing Down,Closing Down,Closing Down,Closing Down,Closing Down,Closing Down,Closing Down,Closing Down,Closing Down,Closing Down,Closing Down,Closing Down,Closing Down,Closing Down,Closing Down,Closing Down,Closing Down,Closing Down,Closing Down,Closing Down,Closing Down,Closing Down,Closing Down,Closing Down,Closing Down,Closing Down,Closing Down
Virtual Machines,Fadsv7-series,,,GA,,,,,,,,,GA,,,,,,,,,,GA,GA,GA,,,GA,,,,GA,GA,,,,,,,,,GA,,,,,,,GA,,GA,,,,,,,,GA,GA,,,GA,,GA,GA,GA
Virtual Machines,Faldsv7-series,,,GA,,,,,,,,,GA,,,,,,,,,,GA,GA,GA,,,GA,,,,GA,GA,,,,,,,,,GA,,,,,,,GA,,GA,,,,,,,,GA,GA,,,GA,,GA,GA,GA
Virtual Machines,Falsv6-series,GA,GA,GA,GA,GA,GA,GA,,GA,GA,GA,GA,GA,,,,,,,,GA,GA,GA,GA,GA,GA,GA,,GA,GA,GA,GA,GA,GA,GA,GA,GA,GA,,GA,GA,GA,,GA,GA,GA,GA,GA,GA,GA,GA,GA,GA,GA,GA,GA,GA,GA,GA,GA,GA,GA,GA,GA,GA,GA
Virtual Machines,Falsv7-series,,,GA,,,,,,,,,GA,,,,,,,,,,GA,GA,GA,,,GA,,,,GA,GA,,,,,,,,,GA,,,,,,,GA,,GA,,,,,,,,GA,GA,,,GA,,GA,GA,GA
Virtual Machines,Famdsv7-series,,,GA,,,,,,,,,GA,,,,,,,,,,GA,GA,GA,,,GA,,,,GA,GA,,,,,,,,,GA,,,,,,,GA,,GA,,,,,,,,GA,GA,,,GA,,GA,GA,GA
Virtual Machines,Famsv6-series,GA,GA,GA,GA,GA,GA,GA,,GA,GA,GA,GA,GA,,,,,,,,GA,GA,GA,GA,GA,GA,GA,,GA,GA,GA,GA,GA,GA,GA,GA,GA,GA,,GA,GA,GA,,GA,GA,GA,GA,GA,GA,GA,GA,GA,GA,GA,GA,GA,GA,GA,GA,GA,GA,GA,GA,GA,GA,GA
Virtual Machines,Famsv7-series,,,GA,,,,,,,,,GA,,,,,,,,,,GA,GA,GA,,,GA,,,,GA,GA,,,,,,,,,GA,,,,,,,GA,,GA,,,,,,,,GA,GA,,,GA,,GA,GA,GA
Virtual Machines,Fasv6-series,GA,GA,GA,GA,GA,GA,GA,,GA,GA,GA,GA,GA,,,,,,,,GA,GA,GA,GA,GA,GA,GA,,GA,GA,GA,GA,GA,GA,GA,GA,GA,GA,,GA,GA,GA,,GA,GA,GA,GA,GA,GA,GA,GA,GA,GA,GA,GA,GA,GA,GA,GA,GA,GA,GA,GA,GA,GA,GA
Virtual Machines,Fasv7-series,,,GA,,,,,,,,,GA,,,,,,,,,,GA,GA,GA,,,GA,,,,GA,GA,,,,,,,,,GA,,,,,,,GA,,GA,,,,,,,,GA,GA,,,GA,,GA,GA,GA
Virtual Machines,FS-Series,Closing Down,Closing Down,Closing Down,Closing Down,Closing Down,Closing Down,Closing Down,Closing Down,Closing Down,Closing Down,Closing Down,Closing Down,Closing Down,Closing Down,Closing Down,Closing Down,Closing Down,Closing Down,Closing Down,Closing Down,Closing Down,Closing Down,Closing Down,Closing Down,Closing Down,Closing Down,Closing Down,Closing Down,Closing Down,Closing Down,Closing Down,Closing Down,Closing Down,Closing Down,Closing Down,Closing Down,Closing Down,Closing Down,,Closing Down,Closing Down,Closing Down,Closing Down,Closing Down,Closing Down,Closing Down,Closing Down,Closing Down,Closing Down,Closing Down,Closing Down,Closing Down,Closing Down,Closing Down,Closing Down,Closing Down,Closing Down,Closing Down,Closing Down,Closing Down,Closing Down,Closing Down,Closing Down,Closing Down,Closing Down,Closing Down
Virtual Machines,Fsv2-Series,Closing Down,Closing Down,Closing Down,Closing Down,Closing Down,Closing Down,Closing Down,Closing Down,Closing Down,Closing Down,Closing Down,Closing Down,Closing Down,,Closing Down,,,Closing Down,Closing Down,Closing Down,Closing Down,Closing Down,Closing Down,Closing Down,Closing Down,,Closing Down,Closing Down,Closing Down,Closing Down,Closing Down,Closing Down,Closing Down,Closing Down,Closing Down,Closing Down,Closing Down,Closing Down,,Closing Down,Closing Down,Closing Down,Closing Down,Closing Down,Closing Down,Closing Down,,Closing Down,Closing Down,Closing Down,Closing Down,Closing Down,,Closing Down,Closing Down,Closing Down,Closing Down,Closing Down,Closing Down,Closing Down,Closing Down,Closing Down,Closing Down,Closing Down,Closing Down,Closing Down
Virtual Machines,FX-series,,,,,,,,,,,,,,,,,,,,,,GA,,,,,GA,,,,,GA,,GA,,,,,,,,,,,,,,,,,,,,,,,,,,,,GA,,,GA,GA
Virtual Machines,FXmdsv2-series,GA,,GA,GA,,GA,GA,,GA,GA,GA,GA,,,,,,,,GA,GA,GA,GA,GA,,,GA,,GA,,GA,GA,GA,GA,,GA,GA,GA,,GA,GA,GA,,GA,,GA,,GA,GA,GA,GA,GA,,GA,,GA,,GA,GA,GA,GA,GA,,GA,GA,GA
Virtual Machines,FXmsv2-series,GA,,GA,GA,,GA,GA,,GA,GA,GA,GA,,,,,,,,GA,GA,GA,GA,GA,,,GA,,GA,,GA,GA,GA,GA,,GA,GA,GA,,GA,GA,GA,,GA,,GA,,GA,GA,GA,GA,GA,,GA,,GA,,GA,GA,GA,GA,GA,,GA,GA,GA
Virtual Machines,G-Series,,,Closing Down,,,,,,Closing Down,Closing Down,,,,,,,,,,,,,Closing Down,,,,,,,,,Closing Down,,,,,,,,,Closing Down,,,,,,,,,Closing Down,,,,,,,,,Closing Down,,,Closing Down,,Closing Down,Closing Down,
Virtual Machines,GS-Series,Closing Down,,Closing Down,Closing Down,,,Closing Down,,Closing Down,Closing Down,Closing Down,Closing Down,,,,,,,,,Closing Down,Closing Down,Closing Down,Closing Down,,,,,,,,Closing Down,Closing Down,Closing Down,,,,,,Closing Down,Closing Down,,,,,Closing Down,,Closing Down,Closing Down,Closing Down,,,,,,,,,Closing Down,Closing Down,Closing Down,Closing Down,,Closing Down,Closing Down,
Virtual Machines,H-Series,,,Closing Down,,,,,,,,Closing Down,,,,,,,,,,,Closing Down,,,,,,,,,,Closing Down,,,,,,,,Closing Down,Closing Down,,,,,,,Closing Down,,Closing Down,,,,,,,,,Closing Down,,,Closing Down,,Closing Down,Closing Down,
Virtual Machines,HBv2-Series,,,Closing Down,,,,Closing Down,,Closing Down,,,Closing Down,,,,,,,,,,Closing Down,,,,,,,,,,Closing Down,,,,,,,,Closing Down,,,,,Closing Down,,,Closing Down,,,,,,,,,,Closing Down,,,,Closing Down,,,Closing Down,
Virtual Machines,HBv3-series,,,,,,,,,,,GA,,,,,,,,GA,,,GA,,,,,,,,,,GA,,,,,,,,,,,,,,,,GA,,,,,,,,,,,GA,,,GA,,,,GA
Virtual Machines,HBv4 series,,,GA,,,,,,,,,,,,,,,,,,,GA,GA,,,,,,,,,,,GA,,,,,,,,,,,,,,GA,,GA,GA,GA,,,,,,,,,,,,,,
Virtual Machines,HBv5-series,,,,,,,,,,,,,,,,,,,,,,GA,,,,,,,,,,,,,,,,,,,,,,,,,,GA,,,,,,,,,,,,,,,,,,
Virtual Machines,HCv1-Series,,,Closing Down,,,,Closing Down,,Closing Down,,Closing Down,,,,,,,,,,,Closing Down,Closing Down,,,,,,,,,Closing Down,,Closing Down,,,,,,,Closing Down,,,,,,,Closing Down,,Closing Down,,,,,,,,,,,,Closing Down,,,Closing Down,
Virtual Machines,HX-series,,,GA,,,,,,,,,,,,,,,,,,,GA,GA,,,,,,,,,,,GA,,,,,,,,,,,,,,GA,,GA,GA,GA,,,,,,,,,,,,,,
Virtual Machines,Internal GPGen8 series,,,GA,,,,,,,,,,,,,,,,,,,,,,,,,,,,,,,,,,,,,,,,,,,,,,,,,,,,,,,,,,,,,,,
Virtual Machines,Laosv4-series,GA,,GA,GA,GA,GA,GA,,GA,GA,GA,GA,,,,,,,,GA,GA,GA,GA,GA,,,GA,,GA,,GA,GA,GA,GA,,,GA,GA,,GA,GA,GA,,GA,,GA,,GA,GA,GA,GA,GA,,GA,,,,GA,GA,GA,GA,GA,,GA,GA,GA
Virtual Machines,Lasv3-series,GA,GA,GA,GA,GA,GA,GA,GA,GA,GA,GA,GA,GA,,,GA,,,GA,GA,GA,GA,GA,GA,GA,GA,GA,,GA,,GA,GA,GA,GA,GA,GA,GA,GA,,GA,GA,GA,GA,GA,GA,GA,GA,GA,GA,GA,GA,GA,GA,GA,GA,GA,GA,GA,GA,GA,GA,GA,GA,GA,GA,GA
Virtual Machines,Lasv4 Series,GA,,GA,GA,GA,GA,GA,,GA,GA,GA,GA,,,,,,,,GA,GA,GA,GA,GA,,,GA,,GA,,GA,GA,GA,GA,,,GA,GA,,GA,GA,GA,,GA,,GA,,GA,GA,GA,GA,GA,,GA,,,,GA,GA,GA,GA,GA,,GA,GA,GA
Virtual Machines,LS-Series,Closing Down,,Closing Down,Closing Down,,,Closing Down,,Closing Down,Closing Down,Closing Down,Closing Down,,,,,,,,,Closing Down,Closing Down,Closing Down,Closing Down,,,,,,,,Closing Down,Closing Down,Closing Down,,,,,,Closing Down,Closing Down,,,,,Closing Down,,Closing Down,Closing Down,Closing Down,,,,,,,,,Closing Down,Closing Down,Closing Down,Closing Down,,Closing Down,Closing Down,
Virtual Machines,LSv2-Series,,,Closing Down,,,,,,,,Closing Down,Closing Down,,,,,,,,,,Closing Down,Closing Down,Closing Down,,,Closing Down,,,,,Closing Down,,,,,,,,,Closing Down,,,,,,,Closing Down,,Closing Down,,,,,,,,,Closing Down,,,Closing Down,,Closing Down,Closing Down,
Virtual Machines,Lsv3-series,GA,GA,GA,GA,GA,GA,GA,GA,GA,GA,GA,GA,GA,,,GA,,,GA,,GA,GA,GA,GA,GA,GA,GA,,GA,,GA,GA,GA,GA,GA,GA,,,,GA,GA,GA,GA,GA,GA,GA,GA,GA,GA,GA,GA,GA,GA,GA,GA,,GA,GA,GA,GA,GA,GA,GA,GA,GA,GA
Virtual Machines,Lsv4 Series,GA,,GA,GA,,GA,GA,,GA,GA,GA,GA,,,,,,,,GA,GA,GA,GA,GA,,,GA,,GA,,GA,GA,GA,GA,,GA,GA,GA,,GA,GA,GA,,GA,,GA,,GA,GA,GA,GA,GA,,GA,,,,GA,GA,GA,GA,GA,,GA,GA,GA
Virtual Machines,M-Series,GA,GA,GA,GA,GA,,GA,GA,GA,GA,GA,GA,,,GA,GA,,GA,GA,,GA,GA,GA,GA,,GA,GA,,GA,GA,GA,GA,GA,GA,GA,GA,GA,GA,,GA,GA,GA,,GA,GA,GA,GA,GA,GA,GA,GA,GA,,GA,GA,GA,GA,GA,GA,GA,,GA,,GA,GA,GA
Virtual Machines,Mbdsv3 Series,,,GA,,GA,,GA,,GA,,GA,GA,,,,,,,,,GA,GA,GA,,,,GA,,GA,,,GA,,GA,,GA,,,,GA,GA,,,,,,,GA,GA,GA,,GA,,,,,,,GA,,,GA,,,GA,GA
Virtual Machines,Mbsv3 Series,,,GA,,GA,,GA,,GA,,GA,GA,,,,,,,,,GA,GA,GA,,,,GA,,GA,,,GA,,GA,,GA,,,,GA,GA,,,,,,,GA,GA,GA,,GA,,,,,,,GA,,,GA,,,GA,GA
Virtual Machines,Mbsv4 series,,,,,,,,,,,,,,,,,,,,,,Preview,Preview,,,,Preview,,,,,,,,,,,,,,,,,,,,,,,,,,,,,,,,,,,,,,,
Virtual Machines,Mdsv2 Medium Memory Series,GA,,GA,GA,GA,GA,GA,GA,GA,GA,GA,GA,,,,GA,,GA,GA,,GA,GA,GA,GA,,,GA,,GA,GA,GA,GA,GA,GA,,GA,GA,GA,,GA,GA,GA,,GA,GA,GA,,GA,GA,GA,GA,GA,,GA,,GA,GA,GA,GA,GA,,GA,,GA,GA,GA
Virtual Machines,Mdsv3 High Memory Series,,,,,,,,,,,,GA,GA,,,,,,,,,GA,GA,,,,GA,,,,GA,GA,,,,GA,,,,,GA,,,,,,,GA,GA,GA,,GA,,GA,,,,GA,,,,GA,,,GA,GA
Virtual Machines,Mdsv3 Medium Memory Series,,,GA,,GA,,GA,,GA,,GA,GA,,,,,,,GA,,GA,GA,GA,,,,GA,,GA,,,GA,GA,GA,,GA,,GA,,GA,GA,,,,,,,GA,GA,GA,,GA,,GA,,GA,,GA,GA,,,GA,,,GA,GA
Virtual Machines,Msv2 Medium Memory Series,GA,,GA,GA,GA,GA,GA,GA,GA,GA,GA,GA,,,,GA,,GA,GA,,GA,GA,GA,GA,,,GA,,GA,GA,GA,GA,GA,GA,,GA,GA,GA,,GA,GA,GA,,GA,GA,GA,,GA,GA,GA,GA,GA,,GA,,GA,GA,GA,GA,GA,,GA,,GA,GA,GA
Virtual Machines,Msv3 High Memory Series,,,,,,,,,,,,GA,GA,,,,,,,,,GA,GA,,,,GA,,,,GA,GA,,,,GA,,,,,GA,,,,,,,GA,GA,GA,,GA,,GA,,,,GA,,,,GA,,,GA,GA
Virtual Machines,Msv3 Medium Memory Series,,,GA,,GA,,GA,,GA,,GA,GA,,,,,,,GA,,GA,GA,GA,,,,GA,,GA,,,GA,GA,GA,,GA,,GA,,GA,GA,,,,,,,GA,GA,GA,,GA,,GA,,GA,,GA,GA,,,GA,,,GA,GA
Virtual Machines,Mv2 SKL-series,GA,GA,GA,GA,,GA,GA,GA,GA,GA,GA,GA,,,,GA,,,GA,,GA,GA,GA,,,,GA,,GA,,,GA,GA,,GA,,,,,GA,GA,,,,,GA,,GA,GA,GA,,GA,,GA,GA,GA,GA,GA,GA,GA,,GA,,GA,GA,GA
Virtual Machines,NCads A100 v4-Series,,,GA,,,GA,GA,,GA,,GA,GA,,,,GA,,,,,,GA,GA,GA,,,GA,,GA,,GA,GA,,GA,,,,,,GA,GA,,,GA,,,,GA,,GA,,GA,,GA,,,,,GA,,,GA,,GA,GA,GA
Virtual Machines,NCadsH100_v5-series,,,GA,,,GA,,,GA,,GA,GA,,,,,,,,,,GA,GA,,,,GA,,GA,,,GA,GA,GA,,GA,,,,,GA,,,,,,,GA,,GA,GA,GA,,GA,,GA,,,GA,,,GA,,GA,GA,GA
Virtual Machines,NCas T4 v3-Series,GA,GA,GA,,,,GA,,GA,,GA,GA,,,,,,,GA,,GA,GA,GA,GA,,,GA,GA,,,GA,GA,GA,GA,,GA,,,,GA,GA,,,GA,,,,GA,GA,GA,GA,GA,,,,,,,GA,,,GA,,GA,GA,GA
Virtual Machines,NCCadsH100_v5-series,,,,,,,,,,,,GA,,,,,,,,,,,GA,,,,,,,,,,,,,,,,,,,,,,,,,,,,,,,,,,,,,,,GA,,,,
Virtual Machines,NCv3-Series,,,Closing Down,,,,Closing Down,,Closing Down,,Closing Down,Closing Down,,,Closing Down,,,Closing Down,Closing Down,,Closing Down,Closing Down,Closing Down,Closing Down,,,,,,,,Closing Down,,Closing Down,,,,,,,Closing Down,,,,,,,Closing Down,,Closing Down,,,,Closing Down,,,,,Closing Down,,,Closing Down,,Closing Down,Closing Down,Closing Down
Virtual Machines,NDamsr A100 v4-Series,,,,,,,,,,,,,,,,,,,,,,GA,GA,,,,,,,,GA,,,,,,,,,,,,,,,,,GA,,,,GA,,,,,,,GA,GA,,GA,,,GA,
Virtual Machines,NDasr A100 v4-Series,,,,,,GA,,,,,,,,,,,,,,,,GA,GA,,,,,,GA,,,,GA,,,,,,,,,,,,,,,GA,,,,,,,,GA,,,,,,GA,,,GA,
Virtual Machines,NDsr H100 v5-Series,,,GA,,,GA,,,GA,,,GA,,,,,,,,,,GA,GA,,,,,,GA,,GA,GA,GA,GA,,,,,,GA,,GA,,GA,,GA,,GA,,,,GA,,,,,,GA,,,GA,GA,,GA,GA,
Virtual Machines,NDsr H200 v5-Series,,,GA,GA,,,,,,,,,,,,,,,,,,,GA,GA,,,,,,,GA,GA,GA,,GA,,GA,,,GA,,GA,,GA,,GA,,,,,GA,,,GA,,,,GA,GA,GA,,,,,,GA
Virtual Machines,NDsr MI300X v5-Series,,,,,,,,,GA,,,,,,,,,,,,,,,GA,,,,,,,,,,,,,,,,,,,,,,,,,,,,GA,,,,,,,GA,,,,,GA,,
Virtual Machines,NDv2-Series,,,,,,,,,,,,,,,,,,,,,,GA,,,,,,,,,,,,,,,,,,,,,,,,,,GA,,,,,,,,,,,,,,GA,,,GA,
Virtual Machines,NGads_V620_v1-series,,,,,,,,,,,,GA,,,,,,,,,,,Preview,,,,,,,,,GA,,,,,,,,,,,,,,,,,,,,Preview,,,,,,,GA,,,Preview,,,,
Virtual Machines,NP-series,,,,,,,,,Closing Down,,,,,,,,,,,,,Closing Down,,,,,,,,,,Closing Down,,,,,,,,,,,,,,,,Closing Down,,Closing Down,,,,,,,,,,,,Closing Down,,,Closing Down,
Virtual Machines,NVads_V710_v5-series,,,,,,,,,,,,,,,,,,,,,,GA,,,,,,,,,,,,,,,,,,GA,,,,,,,,GA,,,,,,,,,,,,,,GA,,GA,,
Virtual Machines,NVadsA10_v5-series,,,GA,,,,GA,,GA,,GA,,,,,,,,GA,,GA,GA,GA,GA,,,GA,,GA,,GA,GA,,GA,,GA,,,,GA,GA,,,GA,GA,GA,,GA,,GA,GA,GA,,GA,,,,GA,GA,,,GA,,GA,GA,GA
Virtual Machines,NVv3-Series,,,Closing Down,,,,Closing Down,,,,Closing Down,,,,,,,,,,,Closing Down,Closing Down,Closing Down,,,,,,,,Closing Down,,,,,,,,,Closing Down,Closing Down,Closing Down,,,Closing Down,,Closing Down,,Closing Down,,,,Closing Down,,,,Closing Down,Closing Down,,,Closing Down,,Closing Down,Closing Down,
Virtual Machines,NVv4-Series,,,Closing Down,,,,,,Closing Down,,Closing Down,,,,,,,,Closing Down,,,Closing Down,Closing Down,Closing Down,,,Closing Down,,,,Closing Down,Closing Down,,Closing Down,,,,,,Closing Down,Closing Down,,,Closing Down,,,,Closing Down,,Closing Down,Closing Down,Closing Down,,,,,,,Closing Down,,,Closing Down,,Closing Down,Closing Down,Closing Down
Virtual Machines,Serial Console,,,GA,,GA,GA,GA,,GA,,GA,GA,,,GA,,,,GA,GA,GA,GA,GA,GA,,,GA,GA,GA,GA,GA,GA,GA,GA,,,GA,GA,,GA,GA,GA,,GA,GA,GA,,GA,,GA,GA,GA,GA,GA,,GA,GA,,GA,,,GA,GA,GA,GA,
Virtual Machines,SpotBlock-Series,,,,,,,,,,,,,,,,,,,,,,,Preview,,,,,,,,,,,,,,,,,,,,,,,,,,,,,,,,,,,,,,,,,,,
Virtual Machines,Standard NCds xl RTXPRO6000BSE v6 - Series,,,,,,,,,,,,,,,,,,,,,,,,,,,,,,,,,,,,,,,,,,,,,,,,,,GA,,,,,,,,,,,,,,,GA,
Virtual Machines,Standard NClds xl RTXPRO6000BSE v6 - Series,,,,,,,,,,,,,,,,,,,,,,,,,,,,,,,,,,,,,,,,,,,,,,,,,,GA,,,,,,,,,,,,,,,GA,
Virtual Machines Licenses,General,,,,,,,,,,,,,,,,,,,,,,,,,,,,,,,,,,,,,,,GA,,,,,,,,,,,,,,,,,,,,,,,,,,,
Virtual Network,General,GA,GA,GA,GA,GA,GA,GA,GA,GA,GA,GA,GA,GA,GA,GA,GA,GA,GA,GA,GA,GA,GA,GA,GA,GA,GA,GA,GA,GA,GA,GA,GA,GA,GA,GA,GA,GA,GA,,GA,GA,GA,GA,GA,GA,GA,GA,GA,GA,GA,GA,GA,GA,GA,GA,GA,GA,GA,GA,GA,GA,GA,GA,GA,GA,GA
Virtual Network,Global Vnet Peering,GA,GA,GA,GA,GA,GA,GA,GA,GA,GA,GA,GA,GA,GA,GA,GA,GA,GA,GA,GA,GA,GA,GA,GA,GA,GA,GA,GA,GA,GA,GA,GA,GA,GA,GA,GA,GA,GA,,GA,GA,GA,GA,GA,GA,GA,GA,GA,GA,GA,GA,GA,GA,GA,GA,GA,GA,GA,GA,GA,GA,GA,GA,GA,GA,GA
Virtual Network,Virtual Network Peering,GA,GA,GA,GA,GA,GA,GA,GA,GA,GA,GA,GA,GA,GA,GA,GA,GA,GA,GA,GA,GA,GA,GA,GA,GA,GA,GA,GA,GA,GA,GA,GA,GA,GA,GA,GA,GA,GA,,GA,GA,GA,GA,GA,GA,GA,GA,GA,GA,GA,GA,GA,GA,GA,GA,GA,GA,GA,GA,GA,GA,GA,GA,GA,GA,GA
Virtual Network NAT,General,GA,GA,GA,GA,GA,GA,GA,,GA,GA,GA,GA,GA,GA,GA,GA,GA,GA,GA,GA,GA,GA,GA,GA,GA,GA,GA,GA,GA,GA,GA,GA,GA,GA,GA,GA,GA,GA,,GA,GA,GA,GA,GA,GA,GA,GA,GA,GA,GA,GA,GA,GA,GA,GA,GA,GA,GA,GA,GA,GA,GA,GA,GA,GA,GA
Virtual WAN,General,GA,GA,GA,GA,GA,GA,GA,,GA,GA,GA,GA,GA,,GA,GA,,GA,GA,GA,GA,GA,GA,GA,GA,GA,GA,GA,GA,GA,GA,GA,GA,GA,GA,GA,GA,GA,,GA,GA,GA,GA,GA,GA,GA,GA,GA,GA,GA,,GA,GA,GA,GA,GA,GA,GA,GA,GA,GA,GA,GA,GA,GA,GA
Virtual WAN,ExpressRoute,GA,GA,GA,GA,GA,GA,GA,,GA,GA,GA,GA,GA,,GA,GA,,GA,GA,GA,GA,GA,GA,GA,GA,,GA,GA,GA,GA,GA,GA,GA,GA,GA,GA,GA,GA,,GA,GA,GA,GA,GA,GA,GA,GA,GA,GA,GA,GA,GA,GA,GA,GA,GA,GA,GA,GA,GA,GA,GA,GA,GA,GA,GA
Virtual WAN,Point-to-site VPN Gateway,GA,GA,GA,GA,GA,GA,GA,,GA,GA,GA,GA,GA,,GA,GA,,GA,GA,GA,GA,GA,GA,GA,GA,,GA,GA,GA,GA,GA,GA,GA,GA,GA,GA,GA,GA,,GA,GA,GA,GA,GA,GA,GA,GA,GA,GA,GA,GA,GA,GA,GA,GA,GA,GA,GA,GA,GA,GA,GA,GA,GA,GA,GA
Virtual WAN,Site-to-Site VPN Gateway,GA,GA,GA,GA,GA,GA,GA,,GA,GA,GA,GA,GA,,GA,GA,,GA,GA,GA,GA,GA,GA,GA,GA,GA,GA,GA,GA,GA,GA,GA,GA,GA,GA,GA,GA,GA,,GA,GA,GA,GA,GA,GA,GA,GA,GA,GA,GA,GA,GA,GA,GA,GA,GA,GA,GA,GA,GA,GA,GA,GA,GA,GA,GA
Visual Studio App Center,General,,,,,,,,,,,,,,,,,,,,,,,Closing Down,,,,,,,,,,,,,,,,,,,,,,,,,,,,,,,,,,,,,,,,,,,
VMWatch,General,Preview,Preview,Preview,Preview,Preview,Preview,Preview,Preview,Preview,Preview,Preview,Preview,Preview,Preview,Preview,Preview,Preview,Preview,Preview,Preview,Preview,Preview,Preview,Preview,Preview,Preview,Preview,Preview,Preview,Preview,Preview,Preview,Preview,Preview,Preview,Preview,Preview,Preview,,Preview,Preview,Preview,Preview,Preview,Preview,Preview,Preview,Preview,Preview,Preview,Preview,Preview,Preview,Preview,Preview,Preview,Preview,Preview,Preview,Preview,Preview,Preview,Preview,Preview,Preview,Preview
VPN Gateway,General,GA,GA,GA,GA,GA,GA,GA,GA,GA,GA,GA,GA,GA,GA,GA,GA,GA,GA,GA,GA,GA,GA,GA,GA,GA,GA,GA,GA,GA,GA,GA,GA,GA,GA,GA,GA,GA,GA,,GA,GA,GA,GA,GA,GA,GA,GA,GA,GA,GA,GA,GA,GA,GA,GA,GA,GA,GA,GA,GA,GA,GA,GA,GA,GA,GA